Person ID,Full Name,Exists,Candidate_SF_Id,Job_Submission_Exists,Response,Error
7529496,,Created,a00N300001JL35sIAD,Created,ContentVersionId=068N3000017ZbOMIA0,
1138358,,Created,a00N300001JL3AjIAL,Created,ContentVersionId=068N3000017ZYDaIAO,
874831,,Created,a00N300001JL3AkIAL,Created,ContentVersionId=068N3000017ZFFoIAO,
6617382,,Created,a00N300001JL3AlIAL,Created,ContentVersionId=068N3000017ZFFpIAO,
6202403,,Created,a00N300001JL3AmIAL,Created,ContentVersionId=068N3000017ZFFqIAO,
4065649,,Created,a00N300001JL3AnIAL,Created,ContentVersionId=068N3000017ZFFrIAO,
3854707,,Created,a00N300001JL3AoIAL,Created,ContentVersionId=068N3000017ZFFsIAO,
5696635,,Created,a00N300001JL3ApIAL,Created,ContentVersionId=068N3000017ZFFtIAO,
5929278,,Created,a00N300001JL3AqIAL,Created,ContentVersionId=068N3000017ZFFuIAO,
5786770,,Created,a00N300001JL3ArIAL,Created,ContentVersionId=068N3000017ZFFvIAO,
6748469,,Created,a00N300001JL3AsIAL,Created,ContentVersionId=068N3000017ZFFwIAO,
8375436,,Created,a00N300001JL3AtIAL,Created,ContentVersionId=068N3000017ZFFxIAO,
4021337,,Created,a00N300001JL3AuIAL,Created,ContentVersionId=068N3000017ZFFyIAO,
7469372,,Created,a00N300001JL3AvIAL,Created,ContentVersionId=068N3000017ZFFzIAO,
4498767,,Created,a00N300001JL3AwIAL,Created,ContentVersionId=068N3000017ZFG0IAO,
4873545,,Created,a00N300001JL3AxIAL,Created,ContentVersionId=068N3000017ZFG1IAO,
4906284,,Created,a00N300001JL3AyIAL,Created,ContentVersionId=068N3000017ZFG2IAO,
4827643,,Created,a00N300001JL3AzIAL,Created,ContentVersionId=068N3000017ZFG3IAO,
5949789,,Created,a00N300001JL3B0IAL,Created,ContentVersionId=068N3000017ZFG4IAO,
1122433,,Created,a00N300001JL3B1IAL,Created,ContentVersionId=068N3000017ZFG5IAO,
3443410,,Created,a00N300001JL3B2IAL,Created,ContentVersionId=068N3000017ZFG6IAO,
8056545,,Created,a00N300001JL3B3IAL,Created,ContentVersionId=068N3000017ZFG7IAO,
7546448,,Created,a00N300001JL3B4IAL,Created,ContentVersionId=068N3000017ZFG8IAO,
8512031,,Created,a00N300001JL3B5IAL,Created,ContentVersionId=068N3000017ZFG9IAO,
9019388,,Created,a00N300001JL3B6IAL,Created,ContentVersionId=068N3000017ZFGAIA4,
6113816,,Created,a00N300001JL3B7IAL,Created,ContentVersionId=068N3000017ZFGBIA4,
7810407,,Created,a00N300001JL3B8IAL,Created,ContentVersionId=068N3000017ZFGCIA4,
8713510,,Created,a00N300001JL3B9IAL,Created,ContentVersionId=068N3000017ZFGDIA4,
2981207,,Created,a00N300001JL3BAIA1,Created,ContentVersionId=068N3000017ZFGEIA4,
7646743,,Created,a00N300001JL3BBIA1,Created,ContentVersionId=068N3000017ZFGFIA4,
5511593,,Created,a00N300001JL3BCIA1,Created,ContentVersionId=068N3000017ZFGGIA4,
4561738,,Created,a00N300001JL3BDIA1,Created,ContentVersionId=068N3000017ZFGHIA4,
9023734,,Created,a00N300001JL3BEIA1,Created,ContentVersionId=068N3000017ZFGIIA4,
560281,,Created,a00N300001JL3BFIA1,Created,ContentVersionId=068N3000017ZFGJIA4,
4845090,,Created,a00N300001JL3BGIA1,Created,ContentVersionId=068N3000017ZFGKIA4,
5257821,,Created,a00N300001JL3BHIA1,Created,ContentVersionId=068N3000017ZFGLIA4,
8167981,,Created,a00N300001JL3BIIA1,Created,ContentVersionId=068N3000017ZFGMIA4,
7411591,,Created,a00N300001JL3BJIA1,Created,ContentVersionId=068N3000017ZFGNIA4,
7594545,,Created,a00N300001JL3BKIA1,Created,ContentVersionId=068N3000017ZFGOIA4,
6002553,,Created,a00N300001JL3BLIA1,Created,ContentVersionId=068N3000017ZFGPIA4,
6058891,,Created,a00N300001JL3BMIA1,Created,ContentVersionId=068N3000017ZFGQIA4,
571599,,Created,a00N300001JL3BNIA1,Created,ContentVersionId=068N3000017ZFGRIA4,
4414797,,Created,a00N300001JL3BOIA1,Created,ContentVersionId=068N3000017ZFGSIA4,
9022107,,Created,a00N300001JL3BPIA1,Created,ContentVersionId=068N3000017ZFGTIA4,
6664112,,Created,a00N300001JL3BQIA1,Created,ContentVersionId=068N3000017ZFGUIA4,
7187690,,Created,a00N300001JL3BRIA1,Created,ContentVersionId=068N3000017ZFGVIA4,
3329622,,Created,a00N300001JL3BSIA1,Created,ContentVersionId=068N3000017ZFGWIA4,
4194907,,Created,a00N300001JL3BTIA1,Created,ContentVersionId=068N3000017ZFGXIA4,
2725464,,Created,a00N300001JL3BUIA1,Created,ContentVersionId=068N3000017ZFGYIA4,
4830605,,Created,a00N300001JL3BVIA1,Created,ContentVersionId=068N3000017ZFGZIA4,
5217976,,Created,a00N300001JL3BWIA1,Created,ContentVersionId=068N3000017ZFGaIAO,
2002945,,Created,a00N300001JL3BXIA1,Created,ContentVersionId=068N3000017ZFGbIAO,
8638798,,Created,a00N300001JL3BYIA1,Created,ContentVersionId=068N3000017ZFGcIAO,
5111411,,Created,a00N300001JL3BZIA1,Created,ContentVersionId=068N3000017ZFGdIAO,
1927507,,Created,a00N300001JL3BaIAL,Created,ContentVersionId=068N3000017ZFGeIAO,
9016583,,Created,a00N300001JL3BbIAL,Created,ContentVersionId=068N3000017ZFGfIAO,
1105960,,Created,a00N300001JL3BcIAL,Created,ContentVersionId=068N3000017ZFGgIAO,
8120413,,Created,a00N300001JL3BdIAL,Created,ContentVersionId=068N3000017ZFGhIAO,
4981379,,Created,a00N300001JL3BeIAL,Created,ContentVersionId=068N3000017ZFGiIAO,
5784892,,Created,a00N300001JL3BfIAL,Created,ContentVersionId=068N3000017ZFGjIAO,
3992146,,Created,a00N300001JL3BgIAL,Created,ContentVersionId=068N3000017ZFGkIAO,
6171819,,Created,a00N300001JL3BhIAL,Created,ContentVersionId=068N3000017ZFGlIAO,
5933938,,Created,a00N300001JL3BiIAL,Created,ContentVersionId=068N3000017ZFGmIAO,
7418760,,Created,a00N300001JL3BjIAL,Created,ContentVersionId=068N3000017ZFGnIAO,
7229618,,Created,a00N300001JL3BkIAL,Created,ContentVersionId=068N3000017ZFGoIAO,
2714372,,Created,a00N300001JL3BlIAL,Created,ContentVersionId=068N3000017ZFGpIAO,
3886847,,Created,a00N300001JL3BmIAL,Created,ContentVersionId=068N3000017ZFGqIAO,
5350109,,Created,a00N300001JL3BnIAL,Created,ContentVersionId=068N3000017ZFGrIAO,
3808362,,Created,a00N300001JL3BoIAL,Created,ContentVersionId=068N3000017ZFGsIAO,
3556698,,Created,a00N300001JL3BpIAL,Created,ContentVersionId=068N3000017ZFGtIAO,
7173362,,Created,a00N300001JL3BqIAL,Created,ContentVersionId=068N3000017ZFGuIAO,
6021718,,Created,a00N300001JL3BrIAL,Created,ContentVersionId=068N3000017ZFGvIAO,
5786450,,Created,a00N300001JL3BsIAL,Created,ContentVersionId=068N3000017ZFGwIAO,
7339977,,Created,a00N300001JL3BtIAL,Created,ContentVersionId=068N3000017ZFGxIAO,
3317623,,Created,a00N300001JL3BuIAL,Created,ContentVersionId=068N3000017ZFGyIAO,
6158314,,Created,a00N300001JL3BvIAL,Created,ContentVersionId=068N3000017ZFGzIAO,
2345044,,Created,a00N300001JL3BwIAL,Created,ContentVersionId=068N3000017ZFH0IAO,
7844041,,Created,a00N300001JL3BxIAL,Created,ContentVersionId=068N3000017ZFH1IAO,
8348482,,Created,a00N300001JL3ByIAL,Created,ContentVersionId=068N3000017ZFH2IAO,
3870165,,Created,a00N300001JL3BzIAL,Created,ContentVersionId=068N3000017ZFH3IAO,
6786235,,Created,a00N300001JL3C0IAL,Created,ContentVersionId=068N3000017ZFH4IAO,
5431687,,Created,a00N300001JL3C1IAL,Created,ContentVersionId=068N3000017ZFH5IAO,
3356860,,Created,a00N300001JL3C2IAL,Created,ContentVersionId=068N3000017ZFH6IAO,
4760267,,Created,a00N300001JL3C3IAL,Created,ContentVersionId=068N3000017ZFH7IAO,
4788873,,Created,a00N300001JL3C4IAL,Created,ContentVersionId=068N3000017ZFH8IAO,
4885930,,Created,a00N300001JL3C5IAL,Created,ContentVersionId=068N3000017ZFH9IAO,
5383508,,Created,a00N300001JL3C6IAL,Created,ContentVersionId=068N3000017ZFHAIA4,
6103375,,Created,a00N300001JL3C7IAL,Created,ContentVersionId=068N3000017ZFHBIA4,
6233800,,Created,a00N300001JL3C8IAL,Created,ContentVersionId=068N3000017ZFHCIA4,
6445468,,Created,a00N300001JL3C9IAL,Created,ContentVersionId=068N3000017ZFHDIA4,
8413425,,Created,a00N300001JL3CAIA1,Created,ContentVersionId=068N3000017ZFHEIA4,
4874905,,Created,a00N300001JL3CBIA1,Created,ContentVersionId=068N3000017ZFHFIA4,
6252276,,Created,a00N300001JL3CCIA1,Created,ContentVersionId=068N3000017ZFHGIA4,
7182639,,Created,a00N300001JL3CDIA1,Created,ContentVersionId=068N3000017ZFHHIA4,
7427899,,Created,a00N300001JL3CEIA1,Created,ContentVersionId=068N3000017ZFHIIA4,
4994153,,Created,a00N300001JL3CFIA1,Created,ContentVersionId=068N3000017ZFHJIA4,
5349507,,Created,a00N300001JL3CGIA1,Created,ContentVersionId=068N3000017ZFHKIA4,
7395813,,Created,a00N300001JL3CHIA1,Created,ContentVersionId=068N3000017ZFHLIA4,
4728008,,Created,a00N300001JL3CIIA1,Created,ContentVersionId=068N3000017ZFHMIA4,
6042436,,Created,a00N300001JL3CJIA1,Created,ContentVersionId=068N3000017ZdOXIA0,
5281072,,Created,a00N300001JL3CKIA1,Created,ContentVersionId=068N3000017ZdOYIA0,
536350,,Created,a00N300001JL3CLIA1,Created,ContentVersionId=068N3000017ZdOZIA0,
2784906,,Created,a00N300001JL3CMIA1,Created,ContentVersionId=068N3000017ZdOaIAK,
537823,,Created,a00N300001JL3CNIA1,Created,ContentVersionId=068N3000017ZdObIAK,
7690709,,Created,a00N300001JL3COIA1,Created,ContentVersionId=068N3000017ZdOcIAK,
6546288,,Created,a00N300001JL3CPIA1,Created,ContentVersionId=068N3000017ZdOdIAK,
2074273,,Created,a00N300001JL3CQIA1,Created,ContentVersionId=068N3000017ZdOeIAK,
3050196,,Created,a00N300001JL3CRIA1,Created,ContentVersionId=068N3000017ZdOfIAK,
5958934,,Created,a00N300001JL3CSIA1,Created,ContentVersionId=068N3000017ZdOgIAK,
8218443,,Created,a00N300001JL3CTIA1,Created,ContentVersionId=068N3000017ZdOhIAK,
5582072,,Created,a00N300001JL3CUIA1,Created,ContentVersionId=068N3000017ZdOiIAK,
7830402,,Created,a00N300001JL3CVIA1,Created,ContentVersionId=068N3000017ZdOjIAK,
7119946,,Created,a00N300001JL3CWIA1,Created,ContentVersionId=068N3000017ZdOkIAK,
5785821,,Created,a00N300001JL3CXIA1,Created,ContentVersionId=068N3000017ZdOlIAK,
2505558,,Created,a00N300001JL3CYIA1,Created,ContentVersionId=068N3000017ZdOmIAK,
83470,,Created,a00N300001JL3CZIA1,Created,ContentVersionId=068N3000017ZdOnIAK,
8590119,,Created,a00N300001JL3CaIAL,Created,ContentVersionId=068N3000017ZdOoIAK,
3053935,,Created,a00N300001JL3CbIAL,Created,ContentVersionId=068N3000017ZdOpIAK,
2552401,,Created,a00N300001JL3CcIAL,Created,ContentVersionId=068N3000017ZdOqIAK,
5109644,,Created,a00N300001JL3CdIAL,Created,ContentVersionId=068N3000017ZdOrIAK,
492473,,Created,a00N300001JL3CeIAL,Created,ContentVersionId=068N3000017ZdOsIAK,
6680836,,Created,a00N300001JL3CfIAL,Created,ContentVersionId=068N3000017ZdOtIAK,
5797588,,Created,a00N300001JL3CgIAL,Created,ContentVersionId=068N3000017ZdOuIAK,
8488551,,Created,a00N300001JL3ChIAL,Created,ContentVersionId=068N3000017ZdOvIAK,
5474805,,Created,a00N300001JL3CiIAL,Created,ContentVersionId=068N3000017ZdOwIAK,
6281918,,Created,a00N300001JL3CjIAL,Created,ContentVersionId=068N3000017ZdOxIAK,
5726558,,Created,a00N300001JL3CkIAL,Created,ContentVersionId=068N3000017ZdOyIAK,
5726803,,Created,a00N300001JL3ClIAL,Created,ContentVersionId=068N3000017ZdOzIAK,
5990794,,Created,a00N300001JL3CmIAL,Created,ContentVersionId=068N3000017ZdP0IAK,
1098651,,Created,a00N300001JL3CnIAL,Created,ContentVersionId=068N3000017ZdP1IAK,
500327,,Created,a00N300001JL3CoIAL,Created,ContentVersionId=068N3000017ZdP2IAK,
7833484,,Created,a00N300001JL3CpIAL,Created,ContentVersionId=068N3000017ZdP3IAK,
7793202,,Created,a00N300001JL3CqIAL,Created,ContentVersionId=068N3000017ZdP4IAK,
8077841,,Created,a00N300001JL3CrIAL,Created,ContentVersionId=068N3000017ZdP5IAK,
1785791,,Created,a00N300001JL3CsIAL,Created,ContentVersionId=068N3000017ZdP6IAK,
7441440,,Created,a00N300001JL3CtIAL,Created,ContentVersionId=068N3000017ZdP7IAK,
4033025,,Created,a00N300001JL3CuIAL,Created,ContentVersionId=068N3000017ZdP8IAK,
3292704,,Created,a00N300001JL3CvIAL,Created,ContentVersionId=068N3000017ZdP9IAK,
9016596,,Created,a00N300001JL3CwIAL,Created,ContentVersionId=068N3000017ZdPAIA0,
8482098,,Created,a00N300001JL3CxIAL,Created,ContentVersionId=068N3000017ZdPBIA0,
8679061,,Created,a00N300001JL3CyIAL,Created,ContentVersionId=068N3000017ZdPCIA0,
5515423,,Created,a00N300001JL3CzIAL,Created,ContentVersionId=068N3000017ZdPDIA0,
2609708,,Created,a00N300001JL3D0IAL,Created,ContentVersionId=068N3000017ZdPEIA0,
8968449,,Created,a00N300001JL3D1IAL,Created,ContentVersionId=068N3000017ZdPFIA0,
6768821,,Created,a00N300001JL3D2IAL,Created,ContentVersionId=068N3000017ZdPGIA0,
2222330,,Created,a00N300001JL3D3IAL,Created,ContentVersionId=068N3000017ZdPHIA0,
5786432,,Created,a00N300001JL3D4IAL,Created,ContentVersionId=068N3000017ZdPIIA0,
3940756,,Created,a00N300001JL3D5IAL,Created,ContentVersionId=068N3000017ZdPJIA0,
2966659,,Created,a00N300001JL3D6IAL,Created,ContentVersionId=068N3000017ZdPKIA0,
9023733,,Created,a00N300001JL3D7IAL,Created,ContentVersionId=068N3000017ZdPLIA0,
7763100,,Created,a00N300001JL3D8IAL,Created,ContentVersionId=068N3000017ZdPMIA0,
8702151,,Created,a00N300001JL3D9IAL,Created,ContentVersionId=068N3000017ZdPNIA0,
539379,,Created,a00N300001JL3DAIA1,Created,ContentVersionId=068N3000017ZdPOIA0,
7016368,,Created,a00N300001JL3DBIA1,Created,ContentVersionId=068N3000017ZdPPIA0,
5625016,,Created,a00N300001JL3DCIA1,Created,ContentVersionId=068N3000017ZdPQIA0,
6147773,,Created,a00N300001JL3DDIA1,Created,ContentVersionId=068N3000017ZdPRIA0,
8687382,,Created,a00N300001JL3DEIA1,Created,ContentVersionId=068N3000017ZdPSIA0,
4353494,,Created,a00N300001JL3DFIA1,Created,ContentVersionId=068N3000017ZdPTIA0,
5785128,,Created,a00N300001JL3DGIA1,Created,ContentVersionId=068N3000017ZdPUIA0,
537814,,Created,a00N300001JL3DHIA1,Created,ContentVersionId=068N3000017ZdPVIA0,
6927448,,Created,a00N300001JL3DIIA1,Created,ContentVersionId=068N3000017ZdPWIA0,
8191004,,Created,a00N300001JL3DJIA1,Created,ContentVersionId=068N3000017ZdPXIA0,
5964962,,Created,a00N300001JL3DKIA1,Created,ContentVersionId=068N3000017ZdPYIA0,
5727146,,Created,a00N300001JL3DLIA1,Created,ContentVersionId=068N3000017ZdPZIA0,
7678258,,Created,a00N300001JL3DMIA1,Created,ContentVersionId=068N3000017ZdPaIAK,
2870734,,Created,a00N300001JL3DNIA1,Created,ContentVersionId=068N3000017ZdPbIAK,
4116672,,Created,a00N300001JL3DOIA1,Created,ContentVersionId=068N3000017ZdPcIAK,
7473651,,Created,a00N300001JL3DPIA1,Created,ContentVersionId=068N3000017ZdPdIAK,
5785166,,Created,a00N300001JL3DQIA1,Created,ContentVersionId=068N3000017ZdPeIAK,
6413568,,Created,a00N300001JL3DRIA1,Created,ContentVersionId=068N3000017ZdPfIAK,
7917351,,Created,a00N300001JL3DSIA1,Created,ContentVersionId=068N3000017ZdPgIAK,
5785915,,Created,a00N300001JL3DTIA1,Created,ContentVersionId=068N3000017ZdPhIAK,
6317406,,Created,a00N300001JL3DUIA1,Created,ContentVersionId=068N3000017ZdPiIAK,
5579055,,Created,a00N300001JL3DVIA1,Created,ContentVersionId=068N3000017ZdPjIAK,
5466852,,Created,a00N300001JL3DWIA1,Created,ContentVersionId=068N3000017ZdPkIAK,
7043221,,Created,a00N300001JL3DXIA1,Created,ContentVersionId=068N3000017ZdPlIAK,
559598,,Created,a00N300001JL3DYIA1,Created,ContentVersionId=068N3000017ZdPmIAK,
1954912,,Created,a00N300001JL3DZIA1,Created,ContentVersionId=068N3000017ZdPnIAK,
7571988,,Created,a00N300001JL3DaIAL,Created,ContentVersionId=068N3000017ZdPoIAK,
8490536,,Created,a00N300001JL3DbIAL,Created,ContentVersionId=068N3000017ZdPpIAK,
5785765,,Created,a00N300001JL3DcIAL,Created,ContentVersionId=068N3000017ZdPqIAK,
3285504,,Created,a00N300001JL3DdIAL,Created,ContentVersionId=068N3000017ZdPrIAK,
7624692,,Created,a00N300001JL3DeIAL,Created,ContentVersionId=068N3000017ZdPsIAK,
4232397,,Created,a00N300001JL3DfIAL,Created,ContentVersionId=068N3000017ZdPtIAK,
8737207,,Created,a00N300001JL3DgIAL,Created,ContentVersionId=068N3000017ZdPuIAK,
8120817,,Created,a00N300001JL3DhIAL,Created,ContentVersionId=068N3000017ZdPvIAK,
7469329,,Created,a00N300001JL3DiIAL,Created,ContentVersionId=068N3000017ZdPwIAK,
7157776,,Created,a00N300001JL3DjIAL,Created,ContentVersionId=068N3000017ZdPxIAK,
7400314,,Created,a00N300001JL3DkIAL,Created,ContentVersionId=068N3000017ZdPyIAK,
7476176,,Created,a00N300001JL3DlIAL,Created,ContentVersionId=068N3000017ZdPzIAK,
7400349,,Created,a00N300001JL3DmIAL,Created,ContentVersionId=068N3000017ZdQ0IAK,
1276218,,Created,a00N300001JL3DnIAL,Created,ContentVersionId=068N3000017ZdQ1IAK,
6992001,,Created,a00N300001JL3DoIAL,Created,ContentVersionId=068N3000017ZdQ2IAK,
571595,,Created,a00N300001JL3DpIAL,Created,ContentVersionId=068N3000017ZdQ3IAK,
6409007,,Created,a00N300001JL3DqIAL,Created,ContentVersionId=068N3000017ZdQ4IAK,
4648923,,Created,a00N300001JL3DrIAL,Created,ContentVersionId=068N3000017ZdQ5IAK,
437084,,Created,a00N300001JL3DsIAL,Created,ContentVersionId=068N3000017ZdQ6IAK,
2619655,,Created,a00N300001JL36JIAT,Created,ContentVersionId=068N3000017ZdQ7IAK,
2679820,,Created,a00N300001JL36KIAT,Created,ContentVersionId=068N3000017ZdQ8IAK,
6403228,,Created,a00N300001JL36LIAT,Created,ContentVersionId=068N3000017ZdQ9IAK,
7818154,,Created,a00N300001JL36MIAT,Created,ContentVersionId=068N3000017ZdQAIA0,
6126503,,Created,a00N300001JL36NIAT,Created,ContentVersionId=068N3000017ZdQBIA0,
5453467,,Created,a00N300001JL36OIAT,Created,ContentVersionId=068N3000017Ze9JIAS,
8459141,,Created,a00N300001JL36PIAT,Created,ContentVersionId=068N3000017Ze9KIAS,
4576030,,Created,a00N300001JL36QIAT,Created,ContentVersionId=068N3000017Ze9LIAS,
4212776,,Created,a00N300001JL36RIAT,Created,ContentVersionId=068N3000017Ze9MIAS,
6279840,,Created,a00N300001JL36SIAT,Created,ContentVersionId=068N3000017Ze9NIAS,
5511647,,Created,a00N300001JL36TIAT,Created,ContentVersionId=068N3000017Ze9OIAS,
2703552,,Created,a00N300001JL36UIAT,Created,ContentVersionId=068N3000017Ze9PIAS,
506138,,Created,a00N300001JL36VIAT,Created,ContentVersionId=068N3000017Ze9QIAS,
8488759,,Created,a00N300001JL36WIAT,Created,ContentVersionId=068N3000017Ze9RIAS,
5691948,,Created,a00N300001JL36XIAT,Created,ContentVersionId=068N3000017Ze9SIAS,
7352467,,Created,a00N300001JL36YIAT,Created,ContentVersionId=068N3000017Ze9TIAS,
7917565,,Created,a00N300001JL36ZIAT,Created,ContentVersionId=068N3000017Ze9UIAS,
8301117,,Created,a00N300001JL36aIAD,Created,ContentVersionId=068N3000017Ze9VIAS,
3597087,,Created,a00N300001JL36bIAD,Created,ContentVersionId=068N3000017Ze9WIAS,
3560040,,Created,a00N300001JL36cIAD,Created,ContentVersionId=068N3000017Ze9XIAS,
500040,,Created,a00N300001JL36dIAD,Created,ContentVersionId=068N3000017Ze9YIAS,
7223811,,Created,a00N300001JL36eIAD,Created,ContentVersionId=068N3000017Ze9ZIAS,
5651499,,Created,a00N300001JL36fIAD,Created,ContentVersionId=068N3000017Ze9aIAC,
9016582,,Created,a00N300001JL36gIAD,Created,ContentVersionId=068N3000017Ze9bIAC,
6938331,,Created,a00N300001JL36hIAD,Created,ContentVersionId=068N3000017Ze9cIAC,
4740717,,Created,a00N300001JL36iIAD,Created,ContentVersionId=068N3000017Ze9dIAC,
3112660,,Created,a00N300001JL36jIAD,Created,ContentVersionId=068N3000017Ze9eIAC,
2254856,,Created,a00N300001JL36kIAD,Created,ContentVersionId=068N3000017Ze9fIAC,
6680279,,Created,a00N300001JL36lIAD,Created,ContentVersionId=068N3000017Ze9gIAC,
4307496,,Created,a00N300001JL36mIAD,Created,ContentVersionId=068N3000017Ze9hIAC,
7018162,,Created,a00N300001JL36nIAD,Created,ContentVersionId=068N3000017Ze9iIAC,
5389724,,Created,a00N300001JL36oIAD,Created,ContentVersionId=068N3000017Ze9jIAC,
5243523,,Created,a00N300001JL36pIAD,Created,ContentVersionId=068N3000017Ze9kIAC,
506374,,Created,a00N300001JL36qIAD,Created,ContentVersionId=068N3000017Ze9lIAC,
4123513,,Created,a00N300001JL36rIAD,Created,ContentVersionId=068N3000017Ze9mIAC,
5668430,,Created,a00N300001JL36sIAD,Created,ContentVersionId=068N3000017Ze9nIAC,
1972194,,Created,a00N300001JL36tIAD,Created,ContentVersionId=068N3000017Ze9oIAC,
9016588,,Created,a00N300001JL36uIAD,Created,ContentVersionId=068N3000017Ze9pIAC,
5179126,,Created,a00N300001JL36vIAD,Created,ContentVersionId=068N3000017Ze9qIAC,
5236762,,Created,a00N300001JL36wIAD,Created,ContentVersionId=068N3000017Ze9rIAC,
6665818,,Created,a00N300001JL36xIAD,Created,ContentVersionId=068N3000017Ze9sIAC,
4947057,,Created,a00N300001JL36yIAD,Created,ContentVersionId=068N3000017Ze9tIAC,
2652909,,Created,a00N300001JL36zIAD,Created,ContentVersionId=068N3000017Ze9uIAC,
6411991,,Created,a00N300001JL370IAD,Created,ContentVersionId=068N3000017Ze9vIAC,
3984587,,Created,a00N300001JL371IAD,Created,ContentVersionId=068N3000017Ze9wIAC,
2485115,,Created,a00N300001JL372IAD,Created,ContentVersionId=068N3000017Ze9xIAC,
9016593,,Created,a00N300001JL373IAD,Created,ContentVersionId=068N3000017Ze9yIAC,
5334510,,Created,a00N300001JL374IAD,Created,ContentVersionId=068N3000017Ze9zIAC,
6962897,,Created,a00N300001JL375IAD,Created,ContentVersionId=068N3000017ZeA0IAK,
4489002,,Created,a00N300001JL376IAD,Created,ContentVersionId=068N3000017ZeA1IAK,
3513415,,Created,a00N300001JL377IAD,Created,ContentVersionId=068N3000017ZeA2IAK,
1708697,,Created,a00N300001JL378IAD,Created,ContentVersionId=068N3000017ZeA3IAK,
5469774,,Created,a00N300001JL379IAD,Created,ContentVersionId=068N3000017ZeA4IAK,
4348944,,Created,a00N300001JL37AIAT,Created,ContentVersionId=068N3000017ZeA5IAK,
3893799,,Created,a00N300001JL37BIAT,Created,ContentVersionId=068N3000017ZeA6IAK,
7046133,,Created,a00N300001JL37CIAT,Created,ContentVersionId=068N3000017ZeA7IAK,
9016570,,Created,a00N300001JL37DIAT,Created,ContentVersionId=068N3000017ZeA8IAK,
2732439,,Created,a00N300001JL37EIAT,Created,ContentVersionId=068N3000017ZeA9IAK,
4404198,,Created,a00N300001JL37FIAT,Created,ContentVersionId=068N3000017ZeAAIA0,
9022108,,Created,a00N300001JL37GIAT,Created,ContentVersionId=068N3000017ZeABIA0,
4702059,,Created,a00N300001JL37HIAT,Created,ContentVersionId=068N3000017ZeACIA0,
4912079,,Created,a00N300001JL37IIAT,Created,ContentVersionId=068N3000017ZeADIA0,
2683584,,Created,a00N300001JL37JIAT,Created,ContentVersionId=068N3000017ZeAEIA0,
6992766,,Created,a00N300001JL37KIAT,Created,ContentVersionId=068N3000017ZeAFIA0,
3258935,,Created,a00N300001JL37LIAT,Created,ContentVersionId=068N3000017ZeAGIA0,
6738136,,Created,a00N300001JL37MIAT,Created,ContentVersionId=068N3000017ZeAHIA0,
8590499,,Created,a00N300001JL37NIAT,Created,ContentVersionId=068N3000017ZeAIIA0,
6248015,,Created,a00N300001JL37OIAT,Created,ContentVersionId=068N3000017ZeAJIA0,
1299133,,Created,a00N300001JL37PIAT,Created,ContentVersionId=068N3000017ZeAKIA0,
487628,,Created,a00N300001JL37QIAT,Created,ContentVersionId=068N3000017ZeALIA0,
3983561,,Created,a00N300001JL37RIAT,Created,ContentVersionId=068N3000017ZeAMIA0,
721215,,Created,a00N300001JL37SIAT,Created,ContentVersionId=068N3000017ZeANIA0,
3587079,,Created,a00N300001JL37TIAT,Created,ContentVersionId=068N3000017ZeAOIA0,
5488626,,Created,a00N300001JL37UIAT,Created,ContentVersionId=068N3000017ZeAPIA0,
3824970,,Created,a00N300001JL397IAD,Created,ContentVersionId=068N3000017ZeAQIA0,
5504235,,Created,a00N300001JL398IAD,Created,ContentVersionId=068N3000017ZeARIA0,
4955175,,Created,a00N300001JL399IAD,Created,ContentVersionId=068N3000017ZeASIA0,
4095464,,Created,a00N300001JL39AIAT,Created,ContentVersionId=068N3000017ZeATIA0,
6150763,,Created,a00N300001JL39BIAT,Created,ContentVersionId=068N3000017ZeAUIA0,
7768077,,Created,a00N300001JL39CIAT,Created,ContentVersionId=068N3000017ZeAVIA0,
6005729,,Created,a00N300001JL39DIAT,Created,ContentVersionId=068N3000017ZeAWIA0,
5785335,,Created,a00N300001JL39EIAT,Created,ContentVersionId=068N3000017ZeAXIA0,
4348007,,Created,a00N300001JL39FIAT,Created,ContentVersionId=068N3000017ZeAYIA0,
5511815,,Created,a00N300001JL39GIAT,Created,ContentVersionId=068N3000017ZeAZIA0,
1568251,,Created,a00N300001JL39HIAT,Created,ContentVersionId=068N3000017ZeAaIAK,
7343210,,Created,a00N300001JL39IIAT,Created,ContentVersionId=068N3000017ZeAbIAK,
8253639,,Created,a00N300001JL39JIAT,Created,ContentVersionId=068N3000017ZeAcIAK,
3138361,,Created,a00N300001JL39KIAT,Created,ContentVersionId=068N3000017ZeAdIAK,
5956457,,Created,a00N300001JL39LIAT,Created,ContentVersionId=068N3000017ZeAeIAK,
6936433,,Created,a00N300001JL39MIAT,Created,ContentVersionId=068N3000017ZeAfIAK,
5515580,,Created,a00N300001JL39NIAT,Created,ContentVersionId=068N3000017ZeAgIAK,
5830469,,Created,a00N300001JL39OIAT,Created,ContentVersionId=068N3000017ZeAhIAK,
4500576,,Created,a00N300001JL39PIAT,Created,ContentVersionId=068N3000017ZeAiIAK,
9024220,,Created,a00N300001JL39QIAT,Created,ContentVersionId=068N3000017ZeAjIAK,
3549459,,Created,a00N300001JL39RIAT,Created,ContentVersionId=068N3000017ZeAkIAK,
5169230,,Created,a00N300001JL39SIAT,Created,ContentVersionId=068N3000017ZeAlIAK,
6482947,,Created,a00N300001JL39TIAT,Created,ContentVersionId=068N3000017ZeAmIAK,
5785096,,Created,a00N300001JL39UIAT,Created,ContentVersionId=068N3000017ZeAnIAK,
5071772,,Created,a00N300001JL39VIAT,Created,ContentVersionId=068N3000017ZeAoIAK,
5785959,,Created,a00N300001JL39WIAT,Created,ContentVersionId=068N3000017ZeApIAK,
4464546,,Created,a00N300001JL39XIAT,Created,ContentVersionId=068N3000017ZeAqIAK,
7617545,,Created,a00N300001JL39YIAT,Created,ContentVersionId=068N3000017ZeArIAK,
7932629,,Created,a00N300001JL39ZIAT,Created,ContentVersionId=068N3000017ZeAsIAK,
8322003,,Created,a00N300001JL39aIAD,Created,ContentVersionId=068N3000017ZeAtIAK,
681983,,Created,a00N300001JL39bIAD,Created,ContentVersionId=068N3000017ZeAuIAK,
5785505,,Created,a00N300001JL39cIAD,Created,ContentVersionId=068N3000017ZeAvIAK,
3819209,,Created,a00N300001JL39dIAD,Created,ContentVersionId=068N3000017ZeAwIAK,
1122449,,Created,a00N300001JL39eIAD,Created,ContentVersionId=068N3000017ZeAxIAK,
7273567,,Created,a00N300001JL39fIAD,Created,ContentVersionId=068N3000017ZeAyIAK,
7615135,,Created,a00N300001JL39gIAD,Created,ContentVersionId=068N3000017ZeAzIAK,
2959338,,Created,a00N300001JL39hIAD,Created,ContentVersionId=068N3000017ZeB0IAK,
2007474,,Created,a00N300001JL39iIAD,Created,ContentVersionId=068N3000017ZeB1IAK,
506085,,Created,a00N300001JL39jIAD,Created,ContentVersionId=068N3000017ZeB2IAK,
8478602,,Created,a00N300001JL39kIAD,Created,ContentVersionId=068N3000017ZeB3IAK,
931219,,Created,a00N300001JL39lIAD,Created,ContentVersionId=068N3000017ZeB4IAK,
9016576,,Created,a00N300001JL39mIAD,Created,ContentVersionId=068N3000017ZeB5IAK,
7590133,,Created,a00N300001JL39nIAD,Created,ContentVersionId=068N3000017ZeB6IAK,
722990,,Created,a00N300001JL39oIAD,Created,ContentVersionId=068N3000017ZeB7IAK,
7194929,,Created,a00N300001JL39pIAD,Created,ContentVersionId=068N3000017ZeB8IAK,
3453937,,Created,a00N300001JL39qIAD,Created,ContentVersionId=068N3000017ZeB9IAK,
8423467,,Created,a00N300001JL39rIAD,Created,ContentVersionId=068N3000017ZeBAIA0,
7671421,,Created,a00N300001JL39sIAD,Created,ContentVersionId=068N3000017ZeBBIA0,
2950150,,Created,a00N300001JL39tIAD,Created,ContentVersionId=068N3000017ZeBCIA0,
3203885,,Created,a00N300001JL39uIAD,Created,ContentVersionId=068N3000017ZeBDIA0,
2012002,,Created,a00N300001JL39vIAD,Created,ContentVersionId=068N3000017ZeBEIA0,
3905280,,Created,a00N300001JL4JgIAL,Created,ContentVersionId=068N3000017ZeBFIA0,
6804126,,Created,a00N300001JL4LJIA1,Created,ContentVersionId=068N3000017ZeBGIA0,
9021496,,Created,a00N300001JL4LKIA1,Created,ContentVersionId=068N3000017ZeBHIA0,
9016587,,Created,a00N300001JL4LLIA1,Created,ContentVersionId=068N3000017ZeBIIA0,
7709854,,Created,a00N300001JL4LMIA1,Created,ContentVersionId=068N3000017ZeBJIA0,
3882957,,Created,a00N300001JL4LNIA1,Created,ContentVersionId=068N3000017ZeBKIA0,
3967204,,Created,a00N300001JL4LOIA1,Created,ContentVersionId=068N3000017ZeBLIA0,
5785666,,Created,a00N300001JL4LPIA1,Created,ContentVersionId=068N3000017ZeBMIA0,
7934425,,Created,a00N300001JL4LQIA1,Created,ContentVersionId=068N3000017ZeBNIA0,
2919840,,Created,a00N300001JL4LRIA1,Created,ContentVersionId=068N3000017ZeBOIA0,
8306519,,Created,a00N300001JL4LSIA1,Created,ContentVersionId=068N3000017ZeBPIA0,
5829877,,Created,a00N300001JL4LTIA1,Created,ContentVersionId=068N3000017ZeBQIA0,
5298177,,Created,a00N300001JL4LUIA1,Created,ContentVersionId=068N3000017ZeBRIA0,
9024140,,Created,a00N300001JL4LVIA1,Created,ContentVersionId=068N3000017ZeBSIA0,
7711383,,Created,a00N300001JL4LWIA1,Created,ContentVersionId=068N3000017ZeBTIA0,
9024028,,Created,a00N300001JL4LXIA1,Created,ContentVersionId=068N3000017ZeBUIA0,
7362327,,Created,a00N300001JL4LYIA1,Created,ContentVersionId=068N3000017ZeBVIA0,
8518306,,Created,a00N300001JL4LZIA1,Created,ContentVersionId=068N3000017ZeBWIA0,
1674880,,Created,a00N300001JL4LaIAL,Created,ContentVersionId=068N3000017ZeBXIA0,
4709531,,Created,a00N300001JL4LbIAL,Created,ContentVersionId=068N3000017ZeBYIA0,
92173,,Created,a00N300001JL4LcIAL,Created,ContentVersionId=068N3000017ZeBZIA0,
3886855,,Created,a00N300001JL4LdIAL,Created,ContentVersionId=068N3000017ZeBaIAK,
4175617,,Created,a00N300001JL4LeIAL,Created,ContentVersionId=068N3000017ZeBbIAK,
3063313,,Created,a00N300001JL4LfIAL,Created,ContentVersionId=068N3000017ZeBcIAK,
1494980,,Created,a00N300001JL4LgIAL,Created,ContentVersionId=068N3000017ZeBdIAK,
4150433,,Created,a00N300001JL4LhIAL,Created,ContentVersionId=068N3000017ZeBeIAK,
4947854,,Created,a00N300001JL4LiIAL,Created,ContentVersionId=068N3000017ZeBfIAK,
7750303,,Created,a00N300001JL4LjIAL,Created,ContentVersionId=068N3000017ZeBgIAK,
1980955,,Created,a00N300001JL4LkIAL,Created,ContentVersionId=068N3000017ZeBhIAK,
5785139,,Created,a00N300001JL4LlIAL,Created,ContentVersionId=068N3000017ZeBiIAK,
4775772,,Created,a00N300001JL4LmIAL,Created,ContentVersionId=068N3000017ZeBjIAK,
7053462,,Created,a00N300001JL4LnIAL,Created,ContentVersionId=068N3000017ZeBkIAK,
4365323,,Created,a00N300001JL4LoIAL,Created,ContentVersionId=068N3000017ZeBlIAK,
2953757,,Created,a00N300001JL4LpIAL,Created,ContentVersionId=068N3000017ZeBmIAK,
8816202,,Created,a00N300001JL4LqIAL,Created,ContentVersionId=068N3000017ZeBnIAK,
8113360,,Created,a00N300001JL4LrIAL,Created,ContentVersionId=068N3000017ZeBoIAK,
3607847,,Created,a00N300001JL4LsIAL,Created,ContentVersionId=068N3000017ZeBpIAK,
7202235,,Created,a00N300001JL4LtIAL,Created,ContentVersionId=068N3000017ZeBqIAK,
4027279,,Created,a00N300001JL4LuIAL,Created,ContentVersionId=068N3000017ZeBrIAK,
5033128,,Created,a00N300001JL4LvIAL,Created,ContentVersionId=068N3000017ZeBsIAK,
6606112,,Created,a00N300001JL4LwIAL,Created,ContentVersionId=068N3000017ZeBtIAK,
4640033,,Created,a00N300001JL4LxIAL,Created,ContentVersionId=068N3000017ZeBuIAK,
258712,,Created,a00N300001JL4LyIAL,Created,ContentVersionId=068N3000017ZeBvIAK,
616600,,Created,a00N300001JL4LzIAL,Created,ContentVersionId=068N3000017ZeBwIAK,
6575541,,Created,a00N300001JL4M0IAL,Created,ContentVersionId=068N3000017ZeBxIAK,
3463092,,Created,a00N300001JL4M1IAL,Created,ContentVersionId=068N3000017ZeByIAK,
1706862,,Created,a00N300001JL4M2IAL,Created,ContentVersionId=068N3000017ZeBzIAK,
2035243,,Created,a00N300001JL4M3IAL,Created,ContentVersionId=068N3000017ZeC0IAK,
1801670,,Created,a00N300001JL4M4IAL,Created,ContentVersionId=068N3000017ZeC1IAK,
8700686,,Created,a00N300001JL4M5IAL,Created,ContentVersionId=068N3000017ZeC2IAK,
4788555,,Created,a00N300001JL4M6IAL,Created,ContentVersionId=068N3000017ZeC3IAK,
6998860,,Created,a00N300001JL4M7IAL,Created,ContentVersionId=068N3000017ZeC4IAK,
7092026,,Created,a00N300001JL4M8IAL,Created,ContentVersionId=068N3000017ZeC5IAK,
5127991,,Created,a00N300001JL4M9IAL,Created,ContentVersionId=068N3000017ZeC6IAK,
5786021,,Created,a00N300001JL4MAIA1,Created,ContentVersionId=068N3000017ZeC7IAK,
9023587,,Created,a00N300001JL4MBIA1,Created,ContentVersionId=068N3000017ZeC8IAK,
6783782,,Created,a00N300001JL4MCIA1,Created,ContentVersionId=068N3000017ZeC9IAK,
549481,,Created,a00N300001JL4MDIA1,Created,ContentVersionId=068N3000017ZeCAIA0,
5808315,,Created,a00N300001JL4MEIA1,Created,ContentVersionId=068N3000017ZeCBIA0,
5389055,,Created,a00N300001JL4MFIA1,Created,ContentVersionId=068N3000017ZeCCIA0,
8552763,,Created,a00N300001JL4MGIA1,Created,ContentVersionId=068N3000017ZeCDIA0,
8657831,,Created,a00N300001JL4MHIA1,Created,ContentVersionId=068N3000017ZeCEIA0,
4457949,,Created,a00N300001JL4MIIA1,Created,ContentVersionId=068N3000017ZeCFIA0,
3868268,,Created,a00N300001JL4MJIA1,Created,ContentVersionId=068N3000017ZeCGIA0,
5518434,,Created,a00N300001JL4MKIA1,Created,ContentVersionId=068N3000017ZeCHIA0,
6036905,,Created,a00N300001JL4MLIA1,Created,ContentVersionId=068N3000017ZeCIIA0,
4000263,,Created,a00N300001JL4MMIA1,Created,ContentVersionId=068N3000017ZeCJIA0,
7956687,,Created,a00N300001JL4MNIA1,Created,ContentVersionId=068N3000017ZeCKIA0,
4153132,,Created,a00N300001JL4MOIA1,Created,ContentVersionId=068N3000017ZeCLIA0,
5905794,,Created,a00N300001JL4MPIA1,Created,ContentVersionId=068N3000017ZeCMIA0,
7941336,,Created,a00N300001JL4MQIA1,Created,ContentVersionId=068N3000017ZeCNIA0,
676444,,Created,a00N300001JL4MRIA1,Created,ContentVersionId=068N3000017ZeCOIA0,
7691399,,Created,a00N300001JL4MSIA1,Created,ContentVersionId=068N3000017ZeCPIA0,
6863904,,Created,a00N300001JL4MTIA1,Created,ContentVersionId=068N3000017ZeCQIA0,
7989161,,Created,a00N300001JL4MUIA1,Created,ContentVersionId=068N3000017ZeCRIA0,
5457228,,Created,a00N300001JL4MVIA1,Created,ContentVersionId=068N3000017ZeCSIA0,
3917540,,Created,a00N300001JL4MWIA1,Created,ContentVersionId=068N3000017ZeCTIA0,
4885020,,Created,a00N300001JL4MXIA1,Created,ContentVersionId=068N3000017ZeCUIA0,
506090,,Created,a00N300001JL4MYIA1,Created,ContentVersionId=068N3000017ZeCVIA0,
5476468,,Created,a00N300001JL4MZIA1,Created,ContentVersionId=068N3000017ZeCWIA0,
9013879,,Created,a00N300001JL4MaIAL,Created,ContentVersionId=068N3000017ZeFmIAK,
2920036,,Created,a00N300001JL4MbIAL,Created,ContentVersionId=068N3000017ZeFnIAK,
8611787,,Created,a00N300001JL4McIAL,Created,ContentVersionId=068N3000017ZeFoIAK,
8763410,,Created,a00N300001JL4MdIAL,Created,ContentVersionId=068N3000017ZeFpIAK,
1154574,,Created,a00N300001JL4MeIAL,Created,ContentVersionId=068N3000017ZeFqIAK,
4615101,,Created,a00N300001JL4MfIAL,Created,ContentVersionId=068N3000017ZeFrIAK,
3419033,,Created,a00N300001JL4MgIAL,Created,ContentVersionId=068N3000017ZeFsIAK,
2730958,,Created,a00N300001JL4MhIAL,Created,ContentVersionId=068N3000017ZeFtIAK,
1770608,,Created,a00N300001JL4MiIAL,Created,ContentVersionId=068N3000017ZeFuIAK,
3085348,,Created,a00N300001JL4MjIAL,Created,ContentVersionId=068N3000017ZeFvIAK,
6463075,,Created,a00N300001JL4MkIAL,Created,ContentVersionId=068N3000017ZeFwIAK,
500324,,Created,a00N300001JL4MlIAL,Created,ContentVersionId=068N3000017ZeFxIAK,
5600826,,Created,a00N300001JL4MmIAL,Created,ContentVersionId=068N3000017ZeFyIAK,
7324560,,Created,a00N300001JL4MnIAL,Created,ContentVersionId=068N3000017ZeFzIAK,
6992349,,Created,a00N300001JL4MoIAL,Created,ContentVersionId=068N3000017ZeG0IAK,
6771726,,Created,a00N300001JL4MpIAL,Created,ContentVersionId=068N3000017ZeG1IAK,
5515437,,Created,a00N300001JL4MqIAL,Created,ContentVersionId=068N3000017ZeG2IAK,
3424463,,Created,a00N300001JL4MrIAL,Created,ContentVersionId=068N3000017ZeG3IAK,
5255777,,Created,a00N300001JL4MsIAL,Created,ContentVersionId=068N3000017ZeG4IAK,
3010889,,Created,a00N300001JL4MtIAL,Created,ContentVersionId=068N3000017ZeG5IAK,
3993201,,Created,a00N300001JL4MuIAL,Created,ContentVersionId=068N3000017ZeG6IAK,
3861427,,Created,a00N300001JL4MvIAL,Created,ContentVersionId=068N3000017ZeG7IAK,
1160368,,Created,a00N300001JL4MwIAL,Created,ContentVersionId=068N3000017ZeG8IAK,
7193874,,Created,a00N300001JL4MxIAL,Created,ContentVersionId=068N3000017ZeG9IAK,
5459955,,Created,a00N300001JL4MyIAL,Created,ContentVersionId=068N3000017ZeGAIA0,
3915715,,Created,a00N300001JL4MzIAL,Created,ContentVersionId=068N3000017ZeGBIA0,
485757,,Created,a00N300001JL4N0IAL,Created,ContentVersionId=068N3000017ZeGCIA0,
8777391,,Created,a00N300001JL4N1IAL,Created,ContentVersionId=068N3000017ZeGDIA0,
6505318,,Created,a00N300001JL4N2IAL,Created,ContentVersionId=068N3000017ZeGEIA0,
2805258,,Created,a00N300001JL4N3IAL,Created,ContentVersionId=068N3000017ZeGFIA0,
6247936,,Created,a00N300001JL4N4IAL,Created,ContentVersionId=068N3000017ZeGGIA0,
6119982,,Created,a00N300001JL4N5IAL,Created,ContentVersionId=068N3000017ZeGHIA0,
7394437,,Created,a00N300001JL4N6IAL,Created,ContentVersionId=068N3000017ZeGIIA0,
3806679,,Created,a00N300001JL4N7IAL,Created,ContentVersionId=068N3000017ZeGJIA0,
5785183,,Created,a00N300001JL4N8IAL,Created,ContentVersionId=068N3000017ZeGKIA0,
7795696,,Created,a00N300001JL4N9IAL,Created,ContentVersionId=068N3000017ZeGLIA0,
8394324,,Created,a00N300001JL4NAIA1,Created,ContentVersionId=068N3000017ZeGMIA0,
8541260,,Created,a00N300001JL4NBIA1,Created,ContentVersionId=068N3000017ZeGNIA0,
4830253,,Created,a00N300001JL4NCIA1,Created,ContentVersionId=068N3000017ZeGOIA0,
1708528,,Created,a00N300001JL4NDIA1,Created,ContentVersionId=068N3000017ZeGPIA0,
8777986,,Created,a00N300001JL4NEIA1,Created,ContentVersionId=068N3000017ZeGQIA0,
5609140,,Created,a00N300001JL4NFIA1,Created,ContentVersionId=068N3000017ZeGRIA0,
1706704,,Created,a00N300001JL4NGIA1,Created,ContentVersionId=068N3000017ZeGSIA0,
5458047,,Created,a00N300001JL4NHIA1,Created,ContentVersionId=068N3000017ZeGTIA0,
5515684,,Created,a00N300001JL4NIIA1,Created,ContentVersionId=068N3000017ZeGUIA0,
8459211,,Created,a00N300001JL4NJIA1,Created,ContentVersionId=068N3000017ZeGVIA0,
581502,,Created,a00N300001JL4NKIA1,Created,ContentVersionId=068N3000017ZeGWIA0,
5984412,,Created,a00N300001JL4NLIA1,Created,ContentVersionId=068N3000017ZeGXIA0,
7708216,,Created,a00N300001JL4NMIA1,Created,ContentVersionId=068N3000017ZeGYIA0,
2657373,,Created,a00N300001JL4NNIA1,Created,ContentVersionId=068N3000017ZeGZIA0,
6654051,,Created,a00N300001JL4NOIA1,Created,ContentVersionId=068N3000017ZeGaIAK,
4814404,,Created,a00N300001JL4NPIA1,Created,ContentVersionId=068N3000017ZeGbIAK,
4021349,,Created,a00N300001JL4NQIA1,Created,ContentVersionId=068N3000017ZeGcIAK,
707947,,Created,a00N300001JL4NRIA1,Created,ContentVersionId=068N3000017ZeGdIAK,
874841,,Created,a00N300001JL4NSIA1,Created,ContentVersionId=068N3000017ZeGeIAK,
1041402,,Created,a00N300001JL4NTIA1,Created,ContentVersionId=068N3000017ZeGfIAK,
9014475,,Created,a00N300001JL4NUIA1,Created,ContentVersionId=068N3000017ZeGgIAK,
488189,,Created,a00N300001JL4NVIA1,Created,ContentVersionId=068N3000017ZeGhIAK,
6083206,,Created,a00N300001JL4NWIA1,Created,ContentVersionId=068N3000017ZeGiIAK,
7535990,,Created,a00N300001JL4NXIA1,Created,ContentVersionId=068N3000017ZeGjIAK,
1942692,,Created,a00N300001JL4NYIA1,Created,ContentVersionId=068N3000017ZeGkIAK,
4616609,,Created,a00N300001JL4NZIA1,Created,ContentVersionId=068N3000017ZeGlIAK,
7741245,,Created,a00N300001JL4NaIAL,Created,ContentVersionId=068N3000017ZeGmIAK,
4843714,,Created,a00N300001JL4NbIAL,Created,ContentVersionId=068N3000017ZeGnIAK,
1954931,,Created,a00N300001JL4NcIAL,Created,ContentVersionId=068N3000017ZeGoIAK,
9013880,,Created,a00N300001JL4NdIAL,Created,ContentVersionId=068N3000017ZeGpIAK,
4178129,,Created,a00N300001JL4NeIAL,Created,ContentVersionId=068N3000017ZeGqIAK,
7033972,,Created,a00N300001JL4NfIAL,Created,ContentVersionId=068N3000017ZeGrIAK,
3806664,,Created,a00N300001JL4NgIAL,Created,ContentVersionId=068N3000017ZeGsIAK,
2751559,,Created,a00N300001JL4NhIAL,Created,ContentVersionId=068N3000017ZeGtIAK,
4122495,,Created,a00N300001JL4NiIAL,Created,ContentVersionId=068N3000017ZeGuIAK,
533990,,Created,a00N300001JL4NjIAL,Created,ContentVersionId=068N3000017ZeGvIAK,
6820935,,Created,a00N300001JL4NkIAL,Created,ContentVersionId=068N3000017ZeGwIAK,
6927037,,Created,a00N300001JL4NlIAL,Created,ContentVersionId=068N3000017ZeGxIAK,
5511791,,Created,a00N300001JL4NmIAL,Created,ContentVersionId=068N3000017ZeGyIAK,
2685430,,Created,a00N300001JL4NnIAL,Created,ContentVersionId=068N3000017ZeGzIAK,
9021909,,Created,a00N300001JL4NoIAL,Created,ContentVersionId=068N3000017ZeH0IAK,
2885682,,Created,a00N300001JL4NpIAL,Created,ContentVersionId=068N3000017ZeH1IAK,
7791464,,Created,a00N300001JL4NqIAL,Created,ContentVersionId=068N3000017ZeH2IAK,
681984,,Created,a00N300001JL4NrIAL,Created,ContentVersionId=068N3000017ZeH3IAK,
1958809,,Created,a00N300001JL4NsIAL,Created,ContentVersionId=068N3000017ZeH4IAK,
5511671,,Created,a00N300001JL4NtIAL,Created,ContentVersionId=068N3000017ZeH5IAK,
8527321,,Created,a00N300001JL4NuIAL,Created,ContentVersionId=068N3000017ZeH6IAK,
5610600,,Created,a00N300001JL4NvIAL,Created,ContentVersionId=068N3000017ZeH7IAK,
2196112,,Created,a00N300001JL4NwIAL,Created,ContentVersionId=068N3000017ZeH8IAK,
3984639,,Created,a00N300001JL4NxIAL,Created,ContentVersionId=068N3000017ZeH9IAK,
7028030,,Created,a00N300001JL4NyIAL,Created,ContentVersionId=068N3000017ZeHAIA0,
422533,,Created,a00N300001JL4NzIAL,Created,ContentVersionId=068N3000017ZeHBIA0,
4151507,,Created,a00N300001JL4O0IAL,Created,ContentVersionId=068N3000017ZeHCIA0,
4221825,,Created,a00N300001JL4O1IAL,Created,ContentVersionId=068N3000017ZeHDIA0,
5511654,,Created,a00N300001JL4O2IAL,Created,ContentVersionId=068N3000017ZeHEIA0,
5785488,,Created,a00N300001JL4O3IAL,Created,ContentVersionId=068N3000017ZeHFIA0,
6762271,,Created,a00N300001JL4O4IAL,Created,ContentVersionId=068N3000017ZeHGIA0,
5364892,,Created,a00N300001JL4O5IAL,Created,ContentVersionId=068N3000017ZeHHIA0,
5024222,,Created,a00N300001JL4O6IAL,Created,ContentVersionId=068N3000017ZeHIIA0,
7968465,,Created,a00N300001JL4O7IAL,Created,ContentVersionId=068N3000017ZeHJIA0,
3960475,,Created,a00N300001JL4O8IAL,Created,ContentVersionId=068N3000017ZeHKIA0,
5790183,,Created,a00N300001JL4O9IAL,Created,ContentVersionId=068N3000017ZeHLIA0,
5786894,,Created,a00N300001JL4OAIA1,Created,ContentVersionId=068N3000017ZeHMIA0,
6937782,,Created,a00N300001JL4OBIA1,Created,ContentVersionId=068N3000017ZeajIAC,
1568237,,Created,a00N300001JL4OCIA1,Created,ContentVersionId=068N3000017ZeakIAC,
8562184,,Created,a00N300001JL4ODIA1,Created,ContentVersionId=068N3000017ZealIAC,
7903860,,Created,a00N300001JL4OEIA1,Created,ContentVersionId=068N3000017ZeamIAC,
491766,,Created,a00N300001JL4OFIA1,Created,ContentVersionId=068N3000017ZeanIAC,
5126800,,Created,a00N300001JL4OGIA1,Created,ContentVersionId=068N3000017ZeaoIAC,
5678196,,Created,a00N300001JL4OHIA1,Created,ContentVersionId=068N3000017ZeapIAC,
1974883,,Created,a00N300001JL4OIIA1,Created,ContentVersionId=068N3000017ZeaqIAC,
6819145,,Created,a00N300001JL4OJIA1,Created,ContentVersionId=068N3000017ZearIAC,
3465614,,Created,a00N300001JL4OKIA1,Created,ContentVersionId=068N3000017ZeasIAC,
535748,,Created,a00N300001JL4OLIA1,Created,ContentVersionId=068N3000017ZeatIAC,
8597246,,Created,a00N300001JL4OMIA1,Created,ContentVersionId=068N3000017ZeauIAC,
6039361,,Created,a00N300001JL4ONIA1,Created,ContentVersionId=068N3000017ZeavIAC,
4346284,,Created,a00N300001JL4OOIA1,Created,ContentVersionId=068N3000017ZeawIAC,
422564,,Created,a00N300001JL4OPIA1,Created,ContentVersionId=068N3000017ZeaxIAC,
714490,,Created,a00N300001JL4OQIA1,Created,ContentVersionId=068N3000017ZeayIAC,
2159574,,Created,a00N300001JL4ORIA1,Created,ContentVersionId=068N3000017ZeazIAC,
180348,,Created,a00N300001JKgB6IAL,Created,ContentVersionId=068N3000017Zeb0IAC,
5629939,,Created,a00N300001JKgB7IAL,Created,ContentVersionId=068N3000017Zeb1IAC,
954416,,Created,a00N300001JKgB8IAL,Created,ContentVersionId=068N3000017Zeb2IAC,
9023586,,Created,a00N300001JKgB9IAL,Created,ContentVersionId=068N3000017Zeb3IAC,
3477565,,Created,a00N300001JKgBAIA1,Created,ContentVersionId=068N3000017Zeb4IAC,
3438017,,Created,a00N300001JKgBBIA1,Created,ContentVersionId=068N3000017Zeb5IAC,
2910182,,Created,a00N300001JKgBCIA1,Created,ContentVersionId=068N3000017Zeb6IAC,
2246115,,Created,a00N300001JKgBDIA1,Created,ContentVersionId=068N3000017Zeb7IAC,
4836979,,Created,a00N300001JKgBEIA1,Created,ContentVersionId=068N3000017Zeb8IAC,
8258088,,Created,a00N300001JKgBFIA1,Created,ContentVersionId=068N3000017Zeb9IAC,
1981137,,Created,a00N300001JKgBGIA1,Created,ContentVersionId=068N3000017ZebAIAS,
8366001,,Created,a00N300001JKgBHIA1,Created,ContentVersionId=068N3000017ZebBIAS,
1672139,,Created,a00N300001JKgBIIA1,Created,ContentVersionId=068N3000017ZebCIAS,
7846401,,Created,a00N300001JKgBJIA1,Created,ContentVersionId=068N3000017ZebDIAS,
2158806,,Created,a00N300001JKgBKIA1,Created,ContentVersionId=068N3000017ZebEIAS,
4103627,,Created,a00N300001JKgBLIA1,Created,ContentVersionId=068N3000017ZebFIAS,
4473666,,Created,a00N300001JKgBMIA1,Created,ContentVersionId=068N3000017ZebGIAS,
6089385,,Created,a00N300001JKgBNIA1,Created,ContentVersionId=068N3000017ZebHIAS,
6921324,,Created,a00N300001JKgBOIA1,Created,ContentVersionId=068N3000017ZebIIAS,
2127950,,Created,a00N300001JKgBPIA1,Created,ContentVersionId=068N3000017ZebJIAS,
9014328,,Created,a00N300001JKgBQIA1,Created,ContentVersionId=068N3000017ZebKIAS,
5279018,,Created,a00N300001JKgBRIA1,Created,ContentVersionId=068N3000017ZebLIAS,
5313891,,Created,a00N300001JKgBSIA1,Created,ContentVersionId=068N3000017ZebMIAS,
4989804,,Created,a00N300001JKgBTIA1,Created,ContentVersionId=068N3000017ZebNIAS,
7174516,,Created,a00N300001JKgBUIA1,Created,ContentVersionId=068N3000017ZebOIAS,
2912044,,Created,a00N300001JKgBVIA1,Created,ContentVersionId=068N3000017ZebPIAS,
6743227,,Created,a00N300001JKgBWIA1,Created,ContentVersionId=068N3000017ZebQIAS,
8347019,,Created,a00N300001JKgBXIA1,Created,ContentVersionId=068N3000017ZebRIAS,
5046302,,Created,a00N300001JKgBYIA1,Created,ContentVersionId=068N3000017ZebSIAS,
8153988,,Created,a00N300001JKgBZIA1,Created,ContentVersionId=068N3000017ZebTIAS,
6864103,,Created,a00N300001JKgBaIAL,Created,ContentVersionId=068N3000017ZebUIAS,
7650507,,Created,a00N300001JKgBbIAL,Created,ContentVersionId=068N3000017ZebVIAS,
815452,,Created,a00N300001JKgBcIAL,Created,ContentVersionId=068N3000017ZebWIAS,
7739596,,Created,a00N300001JKgBdIAL,Created,ContentVersionId=068N3000017ZebXIAS,
5785315,,Created,a00N300001JKgBeIAL,Created,ContentVersionId=068N3000017ZebYIAS,
7968975,,Created,a00N300001JKgBfIAL,Created,ContentVersionId=068N3000017ZebZIAS,
5511705,,Created,a00N300001JKgBgIAL,Created,ContentVersionId=068N3000017ZebaIAC,
8612063,,Created,a00N300001JKgBhIAL,Created,ContentVersionId=068N3000017ZebbIAC,
7801328,,Created,a00N300001JKgBiIAL,Created,ContentVersionId=068N3000017ZebcIAC,
4179387,,Created,a00N300001JKgBjIAL,Created,ContentVersionId=068N3000017ZebdIAC,
2756462,,Created,a00N300001JKgBkIAL,Created,ContentVersionId=068N3000017ZebeIAC,
9019387,,Created,a00N300001JKgBlIAL,Created,ContentVersionId=068N3000017ZebfIAC,
5670828,,Created,a00N300001JKgBmIAL,Created,ContentVersionId=068N3000017ZebgIAC,
7050651,,Created,a00N300001JKgBnIAL,Created,ContentVersionId=068N3000017ZebhIAC,
4837075,,Created,a00N300001JKgBoIAL,Created,ContentVersionId=068N3000017ZebiIAC,
2507310,,Created,a00N300001JKgBpIAL,Created,ContentVersionId=068N3000017ZebjIAC,
5786359,,Created,a00N300001JKgBqIAL,Created,ContentVersionId=068N3000017ZebkIAC,
7544138,,Created,a00N300001JKgBrIAL,Created,ContentVersionId=068N3000017ZeblIAC,
6366086,,Created,a00N300001JKgBsIAL,Created,ContentVersionId=068N3000017ZebmIAC,
3565598,,Created,a00N300001JKgBtIAL,Created,ContentVersionId=068N3000017ZebnIAC,
3879538,,Created,a00N300001JKgBuIAL,Created,ContentVersionId=068N3000017ZeboIAC,
5298262,,Created,a00N300001JKgBvIAL,Created,ContentVersionId=068N3000017ZebpIAC,
5231789,,Created,a00N300001JKgBwIAL,Created,ContentVersionId=068N3000017ZebqIAC,
5785727,,Created,a00N300001JKgBxIAL,Created,ContentVersionId=068N3000017ZebrIAC,
8884611,,Created,a00N300001JKgByIAL,Created,ContentVersionId=068N3000017ZebsIAC,
537811,,Created,a00N300001JKgBzIAL,Created,ContentVersionId=068N3000017ZebtIAC,
5992209,,Created,a00N300001JKgC0IAL,Created,ContentVersionId=068N3000017ZebuIAC,
5786046,,Created,a00N300001JKgC1IAL,Created,ContentVersionId=068N3000017ZebvIAC,
4840995,,Created,a00N300001JKgC2IAL,Created,ContentVersionId=068N3000017ZebwIAC,
2229366,,Created,a00N300001JKgC3IAL,Created,ContentVersionId=068N3000017ZebxIAC,
2805244,,Created,a00N300001JKgC4IAL,Created,ContentVersionId=068N3000017ZebyIAC,
7441447,,Created,a00N300001JKgC5IAL,Created,ContentVersionId=068N3000017ZebzIAC,
4453238,,Created,a00N300001JKgC6IAL,Created,ContentVersionId=068N3000017Zec0IAC,
5311698,,Created,a00N300001JKgC7IAL,Created,ContentVersionId=068N3000017Zec1IAC,
2606676,,Created,a00N300001JKgC8IAL,Created,ContentVersionId=068N3000017Zec2IAC,
8196030,,Created,a00N300001JKgC9IAL,Created,ContentVersionId=068N3000017Zec3IAC,
8027787,,Created,a00N300001JKgCAIA1,Created,ContentVersionId=068N3000017Zec4IAC,
7252431,,Created,a00N300001JKgCBIA1,Created,ContentVersionId=068N3000017Zec5IAC,
3086503,,Created,a00N300001JKgCCIA1,Created,ContentVersionId=068N3000017Zec6IAC,
313356,,Created,a00N300001JKgCDIA1,Created,ContentVersionId=068N3000017Zec7IAC,
4088114,,Created,a00N300001JKgCEIA1,Created,ContentVersionId=068N3000017Zec8IAC,
2229274,,Created,a00N300001JKgCFIA1,Created,ContentVersionId=068N3000017Zec9IAC,
7934436,,Created,a00N300001JKgCGIA1,Created,ContentVersionId=068N3000017ZecAIAS,
487716,,Created,a00N300001JKgCHIA1,Created,ContentVersionId=068N3000017ZecBIAS,
8188891,,Created,a00N300001JKgCIIA1,Created,ContentVersionId=068N3000017ZecCIAS,
7727166,,Created,a00N300001JKgCJIA1,Created,ContentVersionId=068N3000017ZecDIAS,
6503062,,Created,a00N300001JKgCKIA1,Created,ContentVersionId=068N3000017ZecEIAS,
7270121,,Created,a00N300001JKgCLIA1,Created,ContentVersionId=068N3000017ZecFIAS,
3324114,,Created,a00N300001JKgCMIA1,Created,ContentVersionId=068N3000017ZecGIAS,
7214676,,Created,a00N300001JKgCNIA1,Created,ContentVersionId=068N3000017ZecHIAS,
5722826,,Created,a00N300001JKgCOIA1,Created,ContentVersionId=068N3000017ZecIIAS,
8541513,,Created,a00N300001JKgCPIA1,Created,ContentVersionId=068N3000017ZecJIAS,
6656146,,Created,a00N300001JKgCQIA1,Created,ContentVersionId=068N3000017ZecKIAS,
3836102,,Created,a00N300001JKgCRIA1,Created,ContentVersionId=068N3000017ZecLIAS,
3443429,,Created,a00N300001JKgCSIA1,Created,ContentVersionId=068N3000017ZNJqIAO,
7967769,,Created,a00N300001JKgCTIA1,Created,ContentVersionId=068N3000017ZNJrIAO,
4935021,,Created,a00N300001JKgCUIA1,Created,ContentVersionId=068N3000017ZNJsIAO,
560483,,Created,a00N300001JKgCVIA1,Created,ContentVersionId=068N3000017ZNJtIAO,
3028548,,Created,a00N300001JKgCWIA1,Created,ContentVersionId=068N3000017ZNJuIAO,
5615705,,Created,a00N300001JL4JhIAL,Created,ContentVersionId=068N3000017ZNJvIAO,
2507872,,Created,a00N300001JL4JiIAL,Created,ContentVersionId=068N3000017ZNJwIAO,
4465632,,Created,a00N300001JL4JjIAL,Created,ContentVersionId=068N3000017ZNJxIAO,
3194317,,Created,a00N300001JL4JkIAL,Created,ContentVersionId=068N3000017ZNJyIAO,
9013877,,Created,a00N300001JL4JlIAL,Created,ContentVersionId=068N3000017ZNJzIAO,
5588422,,Created,a00N300001JL4JmIAL,Created,ContentVersionId=068N3000017ZNK0IAO,
5107741,,Created,a00N300001JL4JnIAL,Created,ContentVersionId=068N3000017ZNK1IAO,
5785945,,Created,a00N300001JL4JoIAL,Created,ContentVersionId=068N3000017ZNK2IAO,
6279916,,Created,a00N300001JL4JpIAL,Created,ContentVersionId=068N3000017ZNK3IAO,
4413124,,Created,a00N300001JL4JqIAL,Created,ContentVersionId=068N3000017ZNK4IAO,
8703742,,Created,a00N300001JL4JrIAL,Created,ContentVersionId=068N3000017ZNK5IAO,
1696794,,Created,a00N300001JL4JsIAL,Created,ContentVersionId=068N3000017ZNK6IAO,
7479936,,Created,a00N300001JL4JtIAL,Created,ContentVersionId=068N3000017ZNK7IAO,
609699,,Created,a00N300001JL4JuIAL,Created,ContentVersionId=068N3000017ZNK8IAO,
6920118,,Created,a00N300001JL4JvIAL,Created,ContentVersionId=068N3000017ZNK9IAO,
5750121,,Created,a00N300001JL5qvIAD,Created,ContentVersionId=068N3000017ZNKAIA4,
4856249,,Created,a00N300001JL5qwIAD,Created,ContentVersionId=068N3000017ZNKBIA4,
9016579,,Created,a00N300001JL5qxIAD,Created,ContentVersionId=068N3000017ZNKCIA4,
5499714,,Created,a00N300001JL5qyIAD,Created,ContentVersionId=068N3000017ZNKDIA4,
2254513,,Created,a00N300001JL5qzIAD,Created,ContentVersionId=068N3000017ZNKEIA4,
3371097,,Created,a00N300001JL5r0IAD,Created,ContentVersionId=068N3000017ZNKFIA4,
5016968,,Created,a00N300001JL5r1IAD,Created,ContentVersionId=068N3000017ZNKGIA4,
8502392,,Created,a00N300001JL5r2IAD,Created,ContentVersionId=068N3000017ZNKHIA4,
6507518,,Created,a00N300001JL5r3IAD,Created,ContentVersionId=068N3000017ZNKIIA4,
9023035,,Created,a00N300001JL5r4IAD,Created,ContentVersionId=068N3000017ZNKJIA4,
5965559,,Created,a00N300001JL5r5IAD,Created,ContentVersionId=068N3000017ZNKKIA4,
3438686,,Created,a00N300001JL5r6IAD,Created,ContentVersionId=068N3000017ZNKLIA4,
4887118,,Created,a00N300001JL5r7IAD,Created,ContentVersionId=068N3000017ZNKMIA4,
5785040,,Created,a00N300001JL5r8IAD,Created,ContentVersionId=068N3000017ZNKNIA4,
2713838,,Created,a00N300001JL5r9IAD,Created,ContentVersionId=068N3000017ZNKOIA4,
5286586,,Created,a00N300001JL5rAIAT,Created,ContentVersionId=068N3000017ZNKPIA4,
4904252,,Created,a00N300001JL5rBIAT,Created,ContentVersionId=068N3000017ZNKQIA4,
5818363,,Created,a00N300001JL5rCIAT,Created,ContentVersionId=068N3000017ZNKRIA4,
576821,,Created,a00N300001JL5rDIAT,Created,ContentVersionId=068N3000017ZNKSIA4,
3578227,,Created,a00N300001JL5rEIAT,Created,ContentVersionId=068N3000017ZNKTIA4,
4667067,,Created,a00N300001JL5rFIAT,Created,ContentVersionId=068N3000017ZNKUIA4,
3134061,,Created,a00N300001JL5rGIAT,Created,ContentVersionId=068N3000017ZNKVIA4,
5052145,,Created,a00N300001JL5rHIAT,Created,ContentVersionId=068N3000017ZNKWIA4,
5597631,,Created,a00N300001JL5rIIAT,Created,ContentVersionId=068N3000017ZNKXIA4,
485675,,Created,a00N300001JL5rJIAT,Created,ContentVersionId=068N3000017ZNKYIA4,
7179809,,Created,a00N300001JL5rKIAT,Created,ContentVersionId=068N3000017ZNKZIA4,
8710836,,Created,a00N300001JL5rLIAT,Created,ContentVersionId=068N3000017ZNKaIAO,
73237,,Created,a00N300001JL5rMIAT,Created,ContentVersionId=068N3000017ZNKbIAO,
4612141,,Created,a00N300001JL5rNIAT,Created,ContentVersionId=068N3000017ZNKcIAO,
3825637,,Created,a00N300001JL5rOIAT,Created,ContentVersionId=068N3000017ZNKdIAO,
3940728,,Created,a00N300001JL5rPIAT,Created,ContentVersionId=068N3000017ZNKeIAO,
5193111,,Created,a00N300001JL5rQIAT,Created,ContentVersionId=068N3000017ZNKfIAO,
8065741,,Created,a00N300001JL5rRIAT,Created,ContentVersionId=068N3000017ZNKgIAO,
7808377,,Created,a00N300001JL5rSIAT,Created,ContentVersionId=068N3000017ZNKhIAO,
6645004,,Created,a00N300001JL5rTIAT,Created,ContentVersionId=068N3000017ZNKiIAO,
4099247,,Created,a00N300001JL5rUIAT,Created,ContentVersionId=068N3000017ZNKjIAO,
3566019,,Created,a00N300001JL5rVIAT,Created,ContentVersionId=068N3000017ZNKkIAO,
3631891,,Created,a00N300001JL5rWIAT,Created,ContentVersionId=068N3000017ZNKlIAO,
6881136,,Created,a00N300001JL5rXIAT,Created,ContentVersionId=068N3000017ZNKmIAO,
4492886,,Created,a00N300001JL5rYIAT,Created,ContentVersionId=068N3000017ZNKnIAO,
6448423,,Created,a00N300001JL5rZIAT,Created,ContentVersionId=068N3000017ZNKoIAO,
8178549,,Created,a00N300001JL5raIAD,Created,ContentVersionId=068N3000017ZNKpIAO,
983485,,Created,a00N300001JL5rbIAD,Created,ContentVersionId=068N3000017ZNKqIAO,
486941,,Created,a00N300001JL5rcIAD,Created,ContentVersionId=068N3000017ZNKrIAO,
6777488,,Created,a00N300001JL5rdIAD,Created,ContentVersionId=068N3000017ZNKsIAO,
4206078,,Created,a00N300001JL5reIAD,Created,ContentVersionId=068N3000017ZNKtIAO,
3920307,,Created,a00N300001JL5rfIAD,Created,ContentVersionId=068N3000017ZNKuIAO,
4490045,,Created,a00N300001JL5rgIAD,Created,ContentVersionId=068N3000017ZNKvIAO,
5077152,,Created,a00N300001JL5rhIAD,Created,ContentVersionId=068N3000017ZNKwIAO,
5189960,,Created,a00N300001JL5riIAD,Created,ContentVersionId=068N3000017ZNKxIAO,
3987681,,Created,a00N300001JL5rjIAD,Created,ContentVersionId=068N3000017ZNKyIAO,
6655183,,Created,a00N300001JL5rkIAD,Created,ContentVersionId=068N3000017ZNKzIAO,
3860880,,Created,a00N300001JL5rlIAD,Created,ContentVersionId=068N3000017ZNL0IAO,
7286740,,Created,a00N300001JL5rmIAD,Created,ContentVersionId=068N3000017ZNL1IAO,
6462974,,Created,a00N300001JL5rnIAD,Created,ContentVersionId=068N3000017ZNL2IAO,
2713928,,Created,a00N300001JL5roIAD,Created,ContentVersionId=068N3000017ZNL3IAO,
5662920,,Created,a00N300001JL5rpIAD,Created,ContentVersionId=068N3000017ZNL4IAO,
5467675,,Created,a00N300001JL5rqIAD,Created,ContentVersionId=068N3000017ZNL5IAO,
6986858,,Created,a00N300001JL5rrIAD,Created,ContentVersionId=068N3000017ZNL6IAO,
7429625,,Created,a00N300001JL5rsIAD,Created,ContentVersionId=068N3000017ZNL7IAO,
3089467,,Created,a00N300001JL5rtIAD,Created,ContentVersionId=068N3000017ZNL8IAO,
5076382,,Created,a00N300001JL5ruIAD,Created,ContentVersionId=068N3000017ZNL9IAO,
4343741,,Created,a00N300001JL5rvIAD,Created,ContentVersionId=068N3000017ZNLAIA4,
7206372,,Created,a00N300001JL5rwIAD,Created,ContentVersionId=068N3000017ZNLBIA4,
7080346,,Created,a00N300001JL5rxIAD,Created,ContentVersionId=068N3000017ZNLCIA4,
8002003,,Created,a00N300001JL5ryIAD,Created,ContentVersionId=068N3000017ZNLDIA4,
4792542,,Created,a00N300001JL5rzIAD,Created,ContentVersionId=068N3000017ZNLEIA4,
9014327,,Created,a00N300001JL5s0IAD,Created,ContentVersionId=068N3000017ZNLFIA4,
8064868,,Created,a00N300001JL5s1IAD,Created,ContentVersionId=068N3000017ZNLGIA4,
3884597,,Created,a00N300001JL5s2IAD,Created,ContentVersionId=068N3000017ZNLHIA4,
5594522,,Created,a00N300001JL5s3IAD,Created,ContentVersionId=068N3000017ZNLIIA4,
8646417,,Created,a00N300001JL5s4IAD,Created,ContentVersionId=068N3000017ZNLJIA4,
8324639,,Created,a00N300001JL5s5IAD,Created,ContentVersionId=068N3000017ZNLKIA4,
7812330,,Created,a00N300001JL5s6IAD,Created,ContentVersionId=068N3000017ZNLLIA4,
5985087,,Created,a00N300001JL5s7IAD,Created,ContentVersionId=068N3000017ZNLMIA4,
3085097,,Created,a00N300001JL5s8IAD,Created,ContentVersionId=068N3000017ZfADIA0,
922727,,Created,a00N300001JL5s9IAD,Created,ContentVersionId=068N3000017ZfAEIA0,
3974183,,Created,a00N300001JL5sAIAT,Created,ContentVersionId=068N3000017ZfAFIA0,
5312449,,Created,a00N300001JL5sBIAT,Created,ContentVersionId=068N3000017ZfAGIA0,
7109032,,Created,a00N300001JL5sCIAT,Created,ContentVersionId=068N3000017ZfAHIA0,
7146438,,Created,a00N300001JL5sDIAT,Created,ContentVersionId=068N3000017ZfAIIA0,
4424571,,Created,a00N300001JL5sEIAT,Created,ContentVersionId=068N3000017ZfAJIA0,
8331486,,Created,a00N300001JL5sFIAT,Created,ContentVersionId=068N3000017ZfAKIA0,
3329626,,Created,a00N300001JL5sGIAT,Created,ContentVersionId=068N3000017ZfALIA0,
2171475,,Created,a00N300001JL5sHIAT,Created,ContentVersionId=068N3000017ZfAMIA0,
8163830,,Created,a00N300001JL5sIIAT,Created,ContentVersionId=068N3000017ZfANIA0,
6006801,,Created,a00N300001JL5sJIAT,Created,ContentVersionId=068N3000017ZfAOIA0,
5784667,,Created,a00N300001JL5sKIAT,Created,ContentVersionId=068N3000017ZfAPIA0,
4705983,,Created,a00N300001JL5sLIAT,Created,ContentVersionId=068N3000017ZfAQIA0,
5786317,,Created,a00N300001JL5sMIAT,Created,ContentVersionId=068N3000017ZfARIA0,
4406352,,Created,a00N300001JL5sNIAT,Created,ContentVersionId=068N3000017ZfASIA0,
2618503,,Created,a00N300001JL5sOIAT,Created,ContentVersionId=068N3000017ZfATIA0,
6612093,,Created,a00N300001JL5sPIAT,Created,ContentVersionId=068N3000017ZfAUIA0,
2904545,,Created,a00N300001JL5sQIAT,Created,ContentVersionId=068N3000017ZfAVIA0,
5531842,,Created,a00N300001JL5sRIAT,Created,ContentVersionId=068N3000017ZfAWIA0,
7192479,,Created,a00N300001JL5sSIAT,Created,ContentVersionId=068N3000017ZfAXIA0,
500075,,Created,a00N300001JL5sTIAT,Created,ContentVersionId=068N3000017ZfAYIA0,
5985014,,Created,a00N300001JL5sUIAT,Created,ContentVersionId=068N3000017ZfAZIA0,
5088077,,Created,a00N300001JL5sVIAT,Created,ContentVersionId=068N3000017ZfAaIAK,
5174923,,Created,a00N300001JL5sWIAT,Created,ContentVersionId=068N3000017ZfAbIAK,
8079000,,Created,a00N300001JL5sXIAT,Created,ContentVersionId=068N3000017ZfAcIAK,
536753,,Created,a00N300001JL5sYIAT,Created,ContentVersionId=068N3000017ZfAdIAK,
1241912,,Created,a00N300001JL5sZIAT,Created,ContentVersionId=068N3000017ZfAeIAK,
2782493,,Created,a00N300001JL5saIAD,Created,ContentVersionId=068N3000017ZfAfIAK,
5785653,,Created,a00N300001JL5sbIAD,Created,ContentVersionId=068N3000017ZfAgIAK,
6662069,,Created,a00N300001JL5scIAD,Created,ContentVersionId=068N3000017ZfAhIAK,
491522,,Created,a00N300001JL5sdIAD,Created,ContentVersionId=068N3000017ZfAiIAK,
4411852,,Created,a00N300001JL5seIAD,Created,ContentVersionId=068N3000017ZfAjIAK,
454711,,Created,a00N300001JL5sfIAD,Created,ContentVersionId=068N3000017ZfAkIAK,
7945597,,Created,a00N300001JL5sgIAD,Created,ContentVersionId=068N3000017ZfAlIAK,
9023732,,Created,a00N300001JL5shIAD,Created,ContentVersionId=068N3000017ZfAmIAK,
7057240,,Created,a00N300001JL5siIAD,Created,ContentVersionId=068N3000017ZfAnIAK,
1260368,,Created,a00N300001JL5sjIAD,Created,ContentVersionId=068N3000017ZfAoIAK,
2880169,,Created,a00N300001JL5skIAD,Created,ContentVersionId=068N3000017ZfApIAK,
6999393,,Created,a00N300001JL5slIAD,Created,ContentVersionId=068N3000017ZfAqIAK,
9016581,,Created,a00N300001JL5smIAD,Created,ContentVersionId=068N3000017ZfArIAK,
4548270,,Created,a00N300001JL5snIAD,Created,ContentVersionId=068N3000017ZfAsIAK,
4624354,,Created,a00N300001JL5soIAD,Created,ContentVersionId=068N3000017ZfAtIAK,
3142310,,Created,a00N300001JL5spIAD,Created,ContentVersionId=068N3000017ZfAuIAK,
4113152,,Created,a00N300001JL5sqIAD,Created,ContentVersionId=068N3000017ZfAvIAK,
6444489,,Created,a00N300001JL5srIAD,Created,ContentVersionId=068N3000017ZfAwIAK,
9018523,,Created,a00N300001JL5ssIAD,Created,ContentVersionId=068N3000017ZfAxIAK,
7594553,,Created,a00N300001JL5stIAD,Created,ContentVersionId=068N3000017ZfAyIAK,
6845443,,Created,a00N300001JL5suIAD,Created,ContentVersionId=068N3000017ZfAzIAK,
3196846,,Created,a00N300001JL5svIAD,Created,ContentVersionId=068N3000017ZfB0IAK,
3183272,,Created,a00N300001JL5swIAD,Created,ContentVersionId=068N3000017ZfB1IAK,
3341662,,Created,a00N300001JL5sxIAD,Created,ContentVersionId=068N3000017ZfB2IAK,
7143190,,Created,a00N300001JL5syIAD,Created,ContentVersionId=068N3000017ZfB3IAK,
3335212,,Created,a00N300001JL5szIAD,Created,ContentVersionId=068N3000017ZfB4IAK,
4059308,,Created,a00N300001JL5t0IAD,Created,ContentVersionId=068N3000017ZfB5IAK,
7929676,,Created,a00N300001JL5t1IAD,Created,ContentVersionId=068N3000017ZfB6IAK,
4410593,,Created,a00N300001JL5t2IAD,Created,ContentVersionId=068N3000017ZfB7IAK,
6042465,,Created,a00N300001JL5t3IAD,Created,ContentVersionId=068N3000017ZfB8IAK,
485195,,Created,a00N300001JL5t4IAD,Created,ContentVersionId=068N3000017ZfB9IAK,
2615260,,Created,a00N300001JL5t5IAD,Created,ContentVersionId=068N3000017ZfBAIA0,
1262242,,Created,a00N300001JL5t6IAD,Created,ContentVersionId=068N3000017ZfBBIA0,
7838194,,Created,a00N300001JL5t7IAD,Created,ContentVersionId=068N3000017ZfBCIA0,
8619888,,Created,a00N300001JL5t8IAD,Created,ContentVersionId=068N3000017ZfBDIA0,
1575977,,Created,a00N300001JL5t9IAD,Created,ContentVersionId=068N3000017ZfBEIA0,
4500237,,Created,a00N300001JL5tAIAT,Created,ContentVersionId=068N3000017ZfBFIA0,
492953,,Created,a00N300001JL5tBIAT,Created,ContentVersionId=068N3000017ZfBGIA0,
838304,,Created,a00N300001JL5tCIAT,Created,ContentVersionId=068N3000017ZfBHIA0,
3990277,,Created,a00N300001JL5tDIAT,Created,ContentVersionId=068N3000017ZfBIIA0,
6644140,,Created,a00N300001JL5tEIAT,Created,ContentVersionId=068N3000017ZfBJIA0,
8404041,,Created,a00N300001JL5tFIAT,Created,ContentVersionId=068N3000017ZfBKIA0,
9022365,,Created,a00N300001JL5tGIAT,Created,ContentVersionId=068N3000017ZfBLIA0,
3227820,,Created,a00N300001JL5tHIAT,Created,ContentVersionId=068N3000017ZfBMIA0,
7924364,,Created,a00N300001JL5tIIAT,Created,ContentVersionId=068N3000017ZfBNIA0,
493751,,Created,a00N300001JL5tJIAT,Created,ContentVersionId=068N3000017ZfBOIA0,
5156229,,Created,a00N300001JL5tKIAT,Created,ContentVersionId=068N3000017ZfBPIA0,
3594881,,Created,a00N300001JL5tLIAT,Created,ContentVersionId=068N3000017ZfBQIA0,
4039424,,Created,a00N300001JL5tMIAT,Created,ContentVersionId=068N3000017ZfBRIA0,
5785076,,Created,a00N300001JL5tNIAT,Created,ContentVersionId=068N3000017ZfBSIA0,
5786409,,Created,a00N300001JL5tOIAT,Created,ContentVersionId=068N3000017ZfBTIA0,
5785919,,Created,a00N300001JL5tPIAT,Created,ContentVersionId=068N3000017ZfBUIA0,
4471217,,Created,a00N300001JL5tQIAT,Created,ContentVersionId=068N3000017ZfBVIA0,
5220407,,Created,a00N300001JL5tRIAT,Created,ContentVersionId=068N3000017ZfBWIA0,
2937353,,Created,a00N300001JL5tSIAT,Created,ContentVersionId=068N3000017ZfBXIA0,
6197280,,Created,a00N300001JL5tTIAT,Created,ContentVersionId=068N3000017ZfBYIA0,
1954752,,Created,a00N300001JL5tUIAT,Created,ContentVersionId=068N3000017ZfBZIA0,
3212179,,Created,a00N300001JL5tVIAT,Created,ContentVersionId=068N3000017ZfBaIAK,
2785288,,Created,a00N300001JL5tWIAT,Created,ContentVersionId=068N3000017ZfBbIAK,
7268342,,Created,a00N300001JL5tXIAT,Created,ContentVersionId=068N3000017ZfBcIAK,
7139266,,Created,a00N300001JL5tYIAT,Created,ContentVersionId=068N3000017ZfBdIAK,
854976,,Created,a00N300001JL5tZIAT,Created,ContentVersionId=068N3000017ZfBeIAK,
8333496,,Created,a00N300001JL5taIAD,Created,ContentVersionId=068N3000017ZfBfIAK,
5786826,,Created,a00N300001JL5tbIAD,Created,ContentVersionId=068N3000017ZfBgIAK,
7998745,,Created,a00N300001JL5tcIAD,Created,ContentVersionId=068N3000017ZfBhIAK,
7788285,,Created,a00N300001JL5tdIAD,Created,ContentVersionId=068N3000017ZfBiIAK,
4935318,,Created,a00N300001JL5teIAD,Created,ContentVersionId=068N3000017ZfBjIAK,
7733830,,Created,a00N300001JL5tfIAD,Created,ContentVersionId=068N3000017ZfBkIAK,
9014324,,Created,a00N300001JL5tgIAD,Created,ContentVersionId=068N3000017ZfBlIAK,
1269340,,Created,a00N300001JL5thIAD,Created,ContentVersionId=068N3000017ZfBmIAK,
8067250,,Created,a00N300001JL5tiIAD,Created,ContentVersionId=068N3000017ZfBnIAK,
4414810,,Created,a00N300001JL5tjIAD,Created,ContentVersionId=068N3000017ZfBoIAK,
5269616,,Created,a00N300001JL5tkIAD,Created,ContentVersionId=068N3000017ZfBpIAK,
8661217,,Created,a00N300001JL5tlIAD,Created,ContentVersionId=068N3000017ZfBqIAK,
500369,,Created,a00N300001JL5tmIAD,Created,ContentVersionId=068N3000017ZfBrIAK,
8301286,,Created,a00N300001JL5tnIAD,Created,ContentVersionId=068N3000017ZfBsIAK,
5626402,,Created,a00N300001JL5toIAD,Created,ContentVersionId=068N3000017ZfBtIAK,
5786609,,Created,a00N300001JL5tpIAD,Created,ContentVersionId=068N3000017ZfTZIA0,
7376928,,Created,a00N300001JL5tqIAD,Created,ContentVersionId=068N3000017ZfTaIAK,
567889,,Created,a00N300001JL5trIAD,Created,ContentVersionId=068N3000017ZfTbIAK,
8662512,,Created,a00N300001JL5tsIAD,Created,ContentVersionId=068N3000017ZfTcIAK,
7771021,,Created,a00N300001JL5ttIAD,Created,ContentVersionId=068N3000017ZfTdIAK,
4036278,,Created,a00N300001JL5tuIAD,Created,ContentVersionId=068N3000017ZfTeIAK,
7611401,,Created,a00N300001JL5tvIAD,Created,ContentVersionId=068N3000017ZfTfIAK,
5785203,,Created,a00N300001JL5twIAD,Created,ContentVersionId=068N3000017ZfTgIAK,
5215874,,Created,a00N300001JL5txIAD,Created,ContentVersionId=068N3000017ZfThIAK,
549303,,Created,a00N300001JL5tyIAD,Created,ContentVersionId=068N3000017ZfTiIAK,
3252538,,Created,a00N300001JL5tzIAD,Created,ContentVersionId=068N3000017ZfTjIAK,
3358224,,Created,a00N300001JL5u0IAD,Created,ContentVersionId=068N3000017ZfTkIAK,
7113563,,Created,a00N300001JL5u1IAD,Created,ContentVersionId=068N3000017ZfTlIAK,
3904702,,Created,a00N300001JL5u2IAD,Created,ContentVersionId=068N3000017ZfTmIAK,
5515426,,Created,a00N300001JL5u3IAD,Created,ContentVersionId=068N3000017ZfTnIAK,
9016591,,Created,a00N300001JL5u4IAD,Created,ContentVersionId=068N3000017ZfToIAK,
8401148,,Created,a00N300001JL5u5IAD,Created,ContentVersionId=068N3000017ZfTpIAK,
3223592,,Created,a00N300001JL5u6IAD,Created,ContentVersionId=068N3000017ZfTqIAK,
3238720,,Created,a00N300001JL5u7IAD,Created,ContentVersionId=068N3000017ZfTrIAK,
4816317,,Created,a00N300001JL5woIAD,Created,ContentVersionId=068N3000017ZfTsIAK,
4598419,,Created,a00N300001JL5wpIAD,Created,ContentVersionId=068N3000017ZfTtIAK,
8325861,,Created,a00N300001JL5wqIAD,Created,ContentVersionId=068N3000017ZfTuIAK,
1942691,,Created,a00N300001JL5wrIAD,Created,ContentVersionId=068N3000017ZfTvIAK,
6851695,,Created,a00N300001JL5wsIAD,Created,ContentVersionId=068N3000017ZfTwIAK,
719252,,Created,a00N300001JL5wtIAD,Created,ContentVersionId=068N3000017ZfTxIAK,
9021306,,Created,a00N300001JL5wuIAD,Created,ContentVersionId=068N3000017ZfTyIAK,
7535158,,Created,a00N300001JL5wvIAD,Created,ContentVersionId=068N3000017ZfTzIAK,
6960381,,Created,a00N300001JL5wwIAD,Created,ContentVersionId=068N3000017ZfU0IAK,
7552840,,Created,a00N300001JL5wxIAD,Created,ContentVersionId=068N3000017ZfU1IAK,
3587059,,Created,a00N300001JL5wyIAD,Created,ContentVersionId=068N3000017ZfU2IAK,
3061677,,Created,a00N300001JL5wzIAD,Created,ContentVersionId=068N3000017ZfU3IAK,
3566727,,Created,a00N300001JL5x0IAD,Created,ContentVersionId=068N3000017ZfU4IAK,
2524650,,Created,a00N300001JL5x1IAD,Created,ContentVersionId=068N3000017ZfU5IAK,
6119473,,Created,a00N300001JL5x2IAD,Created,ContentVersionId=068N3000017ZfU6IAK,
4629708,,Created,a00N300001JL5x3IAD,Created,ContentVersionId=068N3000017ZfU7IAK,
5503589,,Created,a00N300001JL5x4IAD,Created,ContentVersionId=068N3000017ZfU8IAK,
2991139,,Created,a00N300001JL5x5IAD,Created,ContentVersionId=068N3000017ZfU9IAK,
7547500,,Created,a00N300001JL5x6IAD,Created,ContentVersionId=068N3000017ZfUAIA0,
983634,,Created,a00N300001JL5x7IAD,Created,ContentVersionId=068N3000017ZfUBIA0,
3976678,,Created,a00N300001JL5x8IAD,Created,ContentVersionId=068N3000017ZfUCIA0,
5379939,,Created,a00N300001JL5x9IAD,Created,ContentVersionId=068N3000017ZfUDIA0,
9021818,,Created,a00N300001JL5xAIAT,Created,ContentVersionId=068N3000017ZfUEIA0,
5285738,,Created,a00N300001JL5xBIAT,Created,ContentVersionId=068N3000017ZfUFIA0,
428142,,Created,a00N300001JL5xCIAT,Created,ContentVersionId=068N3000017ZfUGIA0,
8177909,,Created,a00N300001JL5xDIAT,Created,ContentVersionId=068N3000017ZfUHIA0,
7108315,,Created,a00N300001JL5xEIAT,Created,ContentVersionId=068N3000017ZfUIIA0,
6700046,,Created,a00N300001JL5xFIAT,Created,ContentVersionId=068N3000017ZfUJIA0,
4491373,,Created,a00N300001JL5xGIAT,Created,ContentVersionId=068N3000017ZfUKIA0,
1691518,,Created,a00N300001JL5xHIAT,Created,ContentVersionId=068N3000017ZfULIA0,
1180403,,Created,a00N300001JL5xIIAT,Created,ContentVersionId=068N3000017ZfUMIA0,
630582,,Created,a00N300001JL5xJIAT,Created,ContentVersionId=068N3000017ZfUNIA0,
8889802,,Created,a00N300001JL5xKIAT,Created,ContentVersionId=068N3000017ZfUOIA0,
5785371,,Created,a00N300001JL5xLIAT,Created,ContentVersionId=068N3000017ZfUPIA0,
1293057,,Created,a00N300001JL5xMIAT,Created,ContentVersionId=068N3000017ZfUQIA0,
6182556,,Created,a00N300001JL5xNIAT,Created,ContentVersionId=068N3000017ZfURIA0,
5674880,,Created,a00N300001JL5xOIAT,Created,ContentVersionId=068N3000017ZfUSIA0,
5899300,,Created,a00N300001JL5xPIAT,Created,ContentVersionId=068N3000017ZfUTIA0,
5785422,,Created,a00N300001JL5xQIAT,Created,ContentVersionId=068N3000017ZfUUIA0,
7114622,,Created,a00N300001JL5xRIAT,Created,ContentVersionId=068N3000017ZfUVIA0,
3223847,,Created,a00N300001JL5xSIAT,Created,ContentVersionId=068N3000017ZfUWIA0,
5430349,,Created,a00N300001JL5xTIAT,Created,ContentVersionId=068N3000017ZfUXIA0,
7579904,,Created,a00N300001JL5xUIAT,Created,ContentVersionId=068N3000017ZfUYIA0,
7871260,,Created,a00N300001JL5xVIAT,Created,ContentVersionId=068N3000017ZfUZIA0,
4836307,,Created,a00N300001JL5xWIAT,Created,ContentVersionId=068N3000017ZfUaIAK,
6053208,,Created,a00N300001JL5xXIAT,Created,ContentVersionId=068N3000017ZfUbIAK,
5515591,,Created,a00N300001JL5xYIAT,Created,ContentVersionId=068N3000017ZfUcIAK,
7873225,,Created,a00N300001JL5xZIAT,Created,ContentVersionId=068N3000017ZfUdIAK,
261618,,Created,a00N300001JL5xaIAD,Created,ContentVersionId=068N3000017ZfUeIAK,
6795447,,Created,a00N300001JL5xbIAD,Created,ContentVersionId=068N3000017ZfUfIAK,
7516069,,Created,a00N300001JL5xcIAD,Created,ContentVersionId=068N3000017ZfUgIAK,
486573,,Created,a00N300001JL5xdIAD,Created,ContentVersionId=068N3000017ZfUhIAK,
7797589,,Created,a00N300001JL5xeIAD,Created,ContentVersionId=068N3000017ZfUiIAK,
5477162,,Created,a00N300001JL5xfIAD,Created,ContentVersionId=068N3000017ZfUjIAK,
8307485,,Created,a00N300001JL5xgIAD,Created,ContentVersionId=068N3000017ZfUkIAK,
7432823,,Created,a00N300001JL5xhIAD,Created,ContentVersionId=068N3000017ZfUlIAK,
6741892,,Created,a00N300001JL5xiIAD,Created,ContentVersionId=068N3000017ZfUmIAK,
7956201,,Created,a00N300001JL5xjIAD,Created,ContentVersionId=068N3000017ZfUnIAK,
1780918,,Created,a00N300001JL5xkIAD,Created,ContentVersionId=068N3000017ZfUoIAK,
4769820,,Created,a00N300001JL5xlIAD,Created,ContentVersionId=068N3000017ZfUpIAK,
5160244,,Created,a00N300001JL5xmIAD,Created,ContentVersionId=068N3000017ZfUqIAK,
2931577,,Created,a00N300001JL5xnIAD,Created,ContentVersionId=068N3000017ZfUrIAK,
537628,,Created,a00N300001JL5xoIAD,Created,ContentVersionId=068N3000017ZfUsIAK,
7070590,,Created,a00N300001JL5xpIAD,Created,ContentVersionId=068N3000017ZfUtIAK,
4021428,,Created,a00N300001JL5xqIAD,Created,ContentVersionId=068N3000017ZfUuIAK,
5785189,,Created,a00N300001JL5xrIAD,Created,ContentVersionId=068N3000017ZfUvIAK,
7208035,,Created,a00N300001JL5xsIAD,Created,ContentVersionId=068N3000017ZfUwIAK,
2713532,,Created,a00N300001JL5xtIAD,Created,ContentVersionId=068N3000017ZfUxIAK,
5562135,,Created,a00N300001JL5xuIAD,Created,ContentVersionId=068N3000017ZfUyIAK,
2050562,,Created,a00N300001JL5xvIAD,Created,ContentVersionId=068N3000017ZfUzIAK,
316795,,Created,a00N300001JL5xwIAD,Created,ContentVersionId=068N3000017ZfV0IAK,
9018996,,Created,a00N300001JL5xxIAD,Created,ContentVersionId=068N3000017ZfV1IAK,
6761282,,Created,a00N300001JL5xyIAD,Created,ContentVersionId=068N3000017ZfV2IAK,
7083805,,Created,a00N300001JL5xzIAD,Created,ContentVersionId=068N3000017ZfV3IAK,
1715343,,Created,a00N300001JL5y0IAD,Created,ContentVersionId=068N3000017ZfV4IAK,
2217857,,Created,a00N300001JL5y1IAD,Created,ContentVersionId=068N3000017ZfV5IAK,
5668239,,Created,a00N300001JL5y2IAD,Created,ContentVersionId=068N3000017ZfV6IAK,
9021842,,Created,a00N300001JL5y3IAD,Created,ContentVersionId=068N3000017ZfV7IAK,
7750429,,Created,a00N300001JL5y4IAD,Created,ContentVersionId=068N3000017ZfV8IAK,
3621222,,Created,a00N300001JL5y5IAD,Created,ContentVersionId=068N3000017ZfV9IAK,
620651,,Created,a00N300001JL5y6IAD,Created,ContentVersionId=068N3000017ZfVAIA0,
9023735,,Created,a00N300001JL5y7IAD,Created,ContentVersionId=068N3000017ZfVBIA0,
8415371,,Created,a00N300001JL5y8IAD,Created,ContentVersionId=068N3000017ZfVCIA0,
7918351,,Created,a00N300001JL5y9IAD,Created,ContentVersionId=068N3000017ZfVDIA0,
4156281,,Created,a00N300001JL5yAIAT,Created,ContentVersionId=068N3000017ZfVEIA0,
4224440,,Created,a00N300001JL5yBIAT,Created,ContentVersionId=068N3000017ZfVFIA0,
2536414,,Created,a00N300001JL5yCIAT,Created,ContentVersionId=068N3000017ZfVGIA0,
6013811,,Created,a00N300001JL5yDIAT,Created,ContentVersionId=068N3000017ZfVHIA0,
1108542,,Created,a00N300001JL5yEIAT,Created,ContentVersionId=068N3000017ZfVIIA0,
8329074,,Created,a00N300001JL5yFIAT,Created,ContentVersionId=068N3000017ZfVJIA0,
3830726,,Created,a00N300001JL5yGIAT,Created,ContentVersionId=068N3000017ZfVKIA0,
1042995,,Created,a00N300001JL5yHIAT,Created,ContentVersionId=068N3000017ZfVLIA0,
538802,,Created,a00N300001JL5yIIAT,Created,ContentVersionId=068N3000017ZfVMIA0,
6905122,,Created,a00N300001JL5yJIAT,Created,ContentVersionId=068N3000017ZfVNIA0,
2972788,,Created,a00N300001JL5yKIAT,Created,ContentVersionId=068N3000017ZfVOIA0,
1075273,,Created,a00N300001JL5yLIAT,Created,ContentVersionId=068N3000017ZfVPIA0,
4681201,,Created,a00N300001JL5yMIAT,Created,ContentVersionId=068N3000017ZfVQIA0,
5786109,,Created,a00N300001JL5yNIAT,Created,ContentVersionId=068N3000017ZfVRIA0,
5910452,,Created,a00N300001JL5yOIAT,Created,ContentVersionId=068N3000017ZfVSIA0,
426066,,Created,a00N300001JL5yPIAT,Created,ContentVersionId=068N3000017ZfVTIA0,
6100230,,Created,a00N300001JL5yQIAT,Created,ContentVersionId=068N3000017ZfVUIA0,
3511789,,Created,a00N300001JL5yRIAT,Created,ContentVersionId=068N3000017ZfVVIA0,
6202013,,Created,a00N300001JL5ySIAT,Created,ContentVersionId=068N3000017ZfVWIA0,
8655125,,Created,a00N300001JL5yTIAT,Created,ContentVersionId=068N3000017ZfVXIA0,
7523994,,Created,a00N300001JL5yUIAT,Created,ContentVersionId=068N3000017ZfVYIA0,
2972275,,Created,a00N300001JL5yVIAT,Created,ContentVersionId=068N3000017ZfVZIA0,
6229494,,Created,a00N300001JL5yWIAT,Created,ContentVersionId=068N3000017ZfVaIAK,
537494,,Created,a00N300001JL5yXIAT,Created,ContentVersionId=068N3000017ZfVbIAK,
7956361,,Created,a00N300001JL5yYIAT,Created,ContentVersionId=068N3000017ZfVcIAK,
6616012,,Created,a00N300001JL5yZIAT,Created,ContentVersionId=068N3000017ZfVdIAK,
4928224,,Created,a00N300001JL5yaIAD,Created,ContentVersionId=068N3000017ZfVeIAK,
6398624,,Created,a00N300001JL5ybIAD,Created,ContentVersionId=068N3000017ZfVfIAK,
2625641,,Created,a00N300001JL5ycIAD,Created,ContentVersionId=068N3000017ZfVgIAK,
7264570,,Created,a00N300001JL5ydIAD,Created,ContentVersionId=068N3000017ZfVhIAK,
5635976,,Created,a00N300001JL5yeIAD,Created,ContentVersionId=068N3000017ZfViIAK,
7328627,,Created,a00N300001JL5yfIAD,Created,ContentVersionId=068N3000017ZfVjIAK,
8374686,,Created,a00N300001JL5ygIAD,Created,ContentVersionId=068N3000017ZfVkIAK,
5787273,,Created,a00N300001JL5yhIAD,Created,ContentVersionId=068N3000017ZfVlIAK,
4866496,,Created,a00N300001JL5yiIAD,Created,ContentVersionId=068N3000017ZfVmIAK,
1688520,,Created,a00N300001JL5yjIAD,Created,ContentVersionId=068N3000017ZfVnIAK,
5379952,,Created,a00N300001JL5ykIAD,Created,ContentVersionId=068N3000017ZfVoIAK,
7947849,,Created,a00N300001JL5ylIAD,Created,ContentVersionId=068N3000017ZfVpIAK,
2073374,,Created,a00N300001JL5ymIAD,Created,ContentVersionId=068N3000017ZfVqIAK,
8268042,,Created,a00N300001JL5ynIAD,Created,ContentVersionId=068N3000017ZfVrIAK,
7552240,,Created,a00N300001JL5yoIAD,Created,ContentVersionId=068N3000017ZfVsIAK,
6997492,,Created,a00N300001JL5ypIAD,Created,ContentVersionId=068N3000017ZfVtIAK,
1994350,,Created,a00N300001JL5yqIAD,Created,ContentVersionId=068N3000017ZfVuIAK,
4055669,,Created,a00N300001JL5yrIAD,Created,ContentVersionId=068N3000017ZfVvIAK,
4223231,,Created,a00N300001JL5ysIAD,Created,ContentVersionId=068N3000017ZfVwIAK,
8264130,,Created,a00N300001JL5ytIAD,Created,ContentVersionId=068N3000017ZfVxIAK,
6748398,,Created,a00N300001JL5yuIAD,Created,ContentVersionId=068N3000017ZfVyIAK,
8692919,,Created,a00N300001JL5yvIAD,Created,ContentVersionId=068N3000017ZfVzIAK,
1289373,,Created,a00N300001JL5ywIAD,Created,ContentVersionId=068N3000017ZfW0IAK,
7250707,,Created,a00N300001JL5yxIAD,Created,ContentVersionId=068N3000017ZfW1IAK,
5785638,,Created,a00N300001JL5yyIAD,Created,ContentVersionId=068N3000017ZfW2IAK,
1964107,,Created,a00N300001JL5yzIAD,Created,ContentVersionId=068N3000017ZfW3IAK,
2829953,,Created,a00N300001JL5z0IAD,Created,ContentVersionId=068N3000017ZfW4IAK,
8784745,,Created,a00N300001JL5z1IAD,Created,ContentVersionId=068N3000017ZfW5IAK,
536699,,Created,a00N300001JL5z2IAD,Created,ContentVersionId=068N3000017ZfW6IAK,
6002430,,Created,a00N300001JL5z3IAD,Created,ContentVersionId=068N3000017ZfW7IAK,
7139800,,Created,a00N300001JL5z4IAD,Created,ContentVersionId=068N3000017ZfW8IAK,
4721831,,Created,a00N300001JL5z5IAD,Created,ContentVersionId=068N3000017ZfW9IAK,
3524182,,Created,a00N300001JL5z6IAD,Created,ContentVersionId=068N3000017ZfWAIA0,
2536817,,Created,a00N300001JL5z7IAD,Created,ContentVersionId=068N3000017ZfWBIA0,
1629315,,Created,a00N300001JL5z8IAD,Created,ContentVersionId=068N3000017ZfWCIA0,
6537926,,Created,a00N300001JL5z9IAD,Created,ContentVersionId=068N3000017ZfWDIA0,
9024139,,Created,a00N300001JL5zAIAT,Created,ContentVersionId=068N3000017ZfWEIA0,
1136799,,Created,a00N300001JL5zBIAT,Created,ContentVersionId=068N3000017ZfWFIA0,
6436360,,Created,a00N300001JL5zCIAT,Created,ContentVersionId=068N3000017ZfWGIA0,
4042064,,Created,a00N300001JL5zDIAT,Created,ContentVersionId=068N3000017ZfWHIA0,
3938501,,Created,a00N300001JL5zEIAT,Created,ContentVersionId=068N3000017ZfWIIA0,
5270904,,Created,a00N300001JL5zFIAT,Created,ContentVersionId=068N3000017ZfWJIA0,
6486935,,Created,a00N300001JL5zGIAT,Created,ContentVersionId=068N3000017ZfWKIA0,
500287,,Created,a00N300001JL5zHIAT,Created,ContentVersionId=068N3000017ZfWLIA0,
500288,,Created,a00N300001JL5zIIAT,Created,ContentVersionId=068N3000017ZfWMIA0,
3405733,,Created,a00N300001JL5zJIAT,Created,ContentVersionId=068N3000017ZfWNIA0,
8328683,,Created,a00N300001JL5zKIAT,Created,ContentVersionId=068N3000017ZfWOIA0,
7574583,,Created,a00N300001JL5zLIAT,Created,ContentVersionId=068N3000017ZfWPIA0,
5068238,,Created,a00N300001JL5zMIAT,Created,ContentVersionId=068N3000017ZfWQIA0,
616597,,Created,a00N300001JL5zNIAT,Created,ContentVersionId=068N3000017ZfWRIA0,
3600676,,Created,a00N300001JL5zOIAT,Created,ContentVersionId=068N3000017ZfWSIA0,
1851326,,Created,a00N300001JL5zPIAT,Created,ContentVersionId=068N3000017ZfWTIA0,
547744,,Created,a00N300001JL5zQIAT,Created,ContentVersionId=068N3000017ZfWUIA0,
558704,,Created,a00N300001JL5zRIAT,Created,ContentVersionId=068N3000017ZfWVIA0,
5785818,,Created,a00N300001JL5zSIAT,Created,ContentVersionId=068N3000017ZfWWIA0,
6667271,,Created,a00N300001JL7KoIAL,Created,ContentVersionId=068N3000017ZfWXIA0,
500371,,Created,a00N300001JL7KpIAL,Created,ContentVersionId=068N3000017ZfWYIA0,
2623350,,Created,a00N300001JL7KqIAL,Created,ContentVersionId=068N3000017ZfWZIA0,
7643650,,Created,a00N300001JL7KrIAL,Created,ContentVersionId=068N3000017ZfWaIAK,
4471435,,Created,a00N300001JL7KsIAL,Created,ContentVersionId=068N3000017ZfWbIAK,
5576829,,Created,a00N300001JL7KtIAL,Created,ContentVersionId=068N3000017ZfWcIAK,
5804997,,Created,a00N300001JL7KuIAL,Created,ContentVersionId=068N3000017ZfWdIAK,
5681014,,Created,a00N300001JL7KvIAL,Created,ContentVersionId=068N3000017ZfWeIAK,
5511708,,Created,a00N300001JL7KwIAL,Created,ContentVersionId=068N3000017ZfWfIAK,
5183757,,Created,a00N300001JL7KxIAL,Created,ContentVersionId=068N3000017ZfWgIAK,
3398682,,Created,a00N300001JL7KyIAL,Created,ContentVersionId=068N3000017ZfWhIAK,
3335214,,Created,a00N300001JL7KzIAL,Created,ContentVersionId=068N3000017ZfWiIAK,
4974729,,Created,a00N300001JL7L0IAL,Created,ContentVersionId=068N3000017ZfWjIAK,
4102765,,Created,a00N300001JL7L1IAL,Created,ContentVersionId=068N3000017ZfWkIAK,
5786024,,Created,a00N300001JL7L2IAL,Created,ContentVersionId=068N3000017ZfWlIAK,
1963706,,Created,a00N300001JL7L3IAL,Created,ContentVersionId=068N3000017ZfWmIAK,
1273872,,Created,a00N300001JL7L4IAL,Created,ContentVersionId=068N3000017ZfjhIAC,
6627883,,Created,a00N300001JL7L5IAL,Created,ContentVersionId=068N3000017ZfjiIAC,
1146228,,Created,a00N300001JL7L6IAL,Created,ContentVersionId=068N3000017ZfjjIAC,
3634225,,Created,a00N300001JL7L7IAL,Created,ContentVersionId=068N3000017ZfjkIAC,
8150112,,Created,a00N300001JL7L8IAL,Created,ContentVersionId=068N3000017ZfjlIAC,
5045911,,Created,a00N300001JL7L9IAL,Created,ContentVersionId=068N3000017ZfjmIAC,
2548362,,Created,a00N300001JL7LAIA1,Created,ContentVersionId=068N3000017ZfjnIAC,
7287092,,Created,a00N300001JL7LBIA1,Created,ContentVersionId=068N3000017ZfjoIAC,
3028493,,Created,a00N300001JL7LCIA1,Created,ContentVersionId=068N3000017ZfjpIAC,
4599572,,Created,a00N300001JL7LDIA1,Created,ContentVersionId=068N3000017ZfjqIAC,
5682402,,Created,a00N300001JL7LEIA1,Created,ContentVersionId=068N3000017ZfjrIAC,
7088309,,Created,a00N300001JL7LFIA1,Created,ContentVersionId=068N3000017ZfjsIAC,
5664194,,Created,a00N300001JL7LGIA1,Created,ContentVersionId=068N3000017ZfjtIAC,
3431214,,Created,a00N300001JL7LHIA1,Created,ContentVersionId=068N3000017ZfjuIAC,
4727883,,Created,a00N300001JL7LIIA1,Created,ContentVersionId=068N3000017ZfjvIAC,
7895549,,Created,a00N300001JL7LJIA1,Created,ContentVersionId=068N3000017ZfjwIAC,
485930,,Created,a00N300001JL7LKIA1,Created,ContentVersionId=068N3000017ZfjxIAC,
7124932,,Created,a00N300001JL7LLIA1,Created,ContentVersionId=068N3000017ZfjyIAC,
8589456,,Created,a00N300001JL7LMIA1,Created,ContentVersionId=068N3000017ZfjzIAC,
5763487,,Created,a00N300001JL7LNIA1,Created,ContentVersionId=068N3000017Zfk0IAC,
6347927,,Created,a00N300001JL7LOIA1,Created,ContentVersionId=068N3000017Zfk1IAC,
5674670,,Created,a00N300001JL7LPIA1,Created,ContentVersionId=068N3000017Zfk2IAC,
5512683,,Created,a00N300001JL7LQIA1,Created,ContentVersionId=068N3000017Zfk3IAC,
5836518,,Created,a00N300001JL7LRIA1,Created,ContentVersionId=068N3000017Zfk4IAC,
8210723,,Created,a00N300001JL7LSIA1,Created,ContentVersionId=068N3000017Zfk5IAC,
5786780,,Created,a00N300001JL7LTIA1,Created,ContentVersionId=068N3000017Zfk6IAC,
7654658,,Created,a00N300001JL7LUIA1,Created,ContentVersionId=068N3000017Zfk7IAC,
3825006,,Created,a00N300001JL7LVIA1,Created,ContentVersionId=068N3000017Zfk8IAC,
9020333,,Created,a00N300001JL7LWIA1,Created,ContentVersionId=068N3000017Zfk9IAC,
8627108,,Created,a00N300001JL7LXIA1,Created,ContentVersionId=068N3000017ZfkAIAS,
3157700,,Created,a00N300001JL7LYIA1,Created,ContentVersionId=068N3000017ZfkBIAS,
3151255,,Created,a00N300001JL7LZIA1,Created,ContentVersionId=068N3000017ZfkCIAS,
4185514,,Created,a00N300001JL7LaIAL,Created,ContentVersionId=068N3000017ZfkDIAS,
5472470,,Created,a00N300001JL7LbIAL,Created,ContentVersionId=068N3000017ZfkEIAS,
7371944,,Created,a00N300001JL7LcIAL,Created,ContentVersionId=068N3000017ZfkFIAS,
6552683,,Created,a00N300001JL7LdIAL,Created,ContentVersionId=068N3000017ZfkGIAS,
8332356,,Created,a00N300001JL7LeIAL,Created,ContentVersionId=068N3000017ZfkHIAS,
7182421,,Created,a00N300001JL7LfIAL,Created,ContentVersionId=068N3000017ZfkIIAS,
721830,,Created,a00N300001JL7LgIAL,Created,ContentVersionId=068N3000017ZfkJIAS,
7325642,,Created,a00N300001JL7LhIAL,Created,ContentVersionId=068N3000017ZfkKIAS,
7202691,,Created,a00N300001JL7LiIAL,Created,ContentVersionId=068N3000017ZfkLIAS,
6179709,,Created,a00N300001JL7LjIAL,Created,ContentVersionId=068N3000017ZfkMIAS,
4666750,,Created,a00N300001JL7LkIAL,Created,ContentVersionId=068N3000017ZfkNIAS,
491281,,Created,a00N300001JL7LlIAL,Created,ContentVersionId=068N3000017ZfkOIAS,
983651,,Created,a00N300001JL7LmIAL,Created,ContentVersionId=068N3000017ZfkPIAS,
7425645,,Created,a00N300001JL7LnIAL,Created,ContentVersionId=068N3000017ZfkQIAS,
6820189,,Created,a00N300001JL7LoIAL,Created,ContentVersionId=068N3000017ZfkRIAS,
7764714,,Created,a00N300001JL7LpIAL,Created,ContentVersionId=068N3000017ZfkSIAS,
7264052,,Created,a00N300001JL7LqIAL,Created,ContentVersionId=068N3000017ZfkTIAS,
7600935,,Created,a00N300001JL7LrIAL,Created,ContentVersionId=068N3000017ZfkUIAS,
4118542,,Created,a00N300001JL7LsIAL,Created,ContentVersionId=068N3000017ZfkVIAS,
5062650,,Created,a00N300001JL7LtIAL,Created,ContentVersionId=068N3000017ZfkWIAS,
2382232,,Created,a00N300001JL7LuIAL,Created,ContentVersionId=068N3000017ZfkXIAS,
59226,,Created,a00N300001JL7LvIAL,Created,ContentVersionId=068N3000017ZfkYIAS,
8333631,,Created,a00N300001JL7LwIAL,Created,ContentVersionId=068N3000017ZfkZIAS,
4186746,,Created,a00N300001JL7LxIAL,Created,ContentVersionId=068N3000017ZfkaIAC,
5785457,,Created,a00N300001JL7LyIAL,Created,ContentVersionId=068N3000017ZfkbIAC,
4080337,,Created,a00N300001JL7LzIAL,Created,ContentVersionId=068N3000017ZfkcIAC,
8635637,,Created,a00N300001JL7M0IAL,Created,ContentVersionId=068N3000017ZfkdIAC,
5451884,,Created,a00N300001JL7M1IAL,Created,ContentVersionId=068N3000017ZfkeIAC,
5284255,,Created,a00N300001JL7M2IAL,Created,ContentVersionId=068N3000017ZfkfIAC,
4155134,,Created,a00N300001JL7M3IAL,Created,ContentVersionId=068N3000017ZfkgIAC,
5543951,,Created,a00N300001JL7M4IAL,Created,ContentVersionId=068N3000017ZfkhIAC,
3631911,,Created,a00N300001JL7M5IAL,Created,ContentVersionId=068N3000017ZfkiIAC,
1141626,,Created,a00N300001JL7M6IAL,Created,ContentVersionId=068N3000017ZfkjIAC,
2785281,,Created,a00N300001JL7M7IAL,Created,ContentVersionId=068N3000017ZfkkIAC,
537422,,Created,a00N300001JL7M8IAL,Created,ContentVersionId=068N3000017ZfklIAC,
8634615,,Created,a00N300001JL7M9IAL,Created,ContentVersionId=068N3000017ZfkmIAC,
3257071,,Created,a00N300001JL7MAIA1,Created,ContentVersionId=068N3000017ZfknIAC,
9016571,,Created,a00N300001JL7MBIA1,Created,ContentVersionId=068N3000017ZfkoIAC,
1122304,,Created,a00N300001JL7MCIA1,Created,ContentVersionId=068N3000017ZfkpIAC,
3070022,,Created,a00N300001JL7MDIA1,Created,ContentVersionId=068N3000017ZfkqIAC,
9022896,,Created,a00N300001JL7MEIA1,Created,ContentVersionId=068N3000017ZfkrIAC,
8114761,,Created,a00N300001JL7MFIA1,Created,ContentVersionId=068N3000017ZfksIAC,
4742982,,Created,a00N300001JL7MGIA1,Created,ContentVersionId=068N3000017ZfktIAC,
3197823,,Created,a00N300001JL7MHIA1,Created,ContentVersionId=068N3000017ZfkuIAC,
5909797,,Created,a00N300001JL7MIIA1,Created,ContentVersionId=068N3000017ZfkvIAC,
4199643,,Created,a00N300001JL7MJIA1,Created,ContentVersionId=068N3000017ZfkwIAC,
5191356,,Created,a00N300001JL7MKIA1,Created,ContentVersionId=068N3000017ZfkxIAC,
3858002,,Created,a00N300001JL7MLIA1,Created,ContentVersionId=068N3000017ZfkyIAC,
4214326,,Created,a00N300001JL7MMIA1,Created,ContentVersionId=068N3000017ZfkzIAC,
4936762,,Created,a00N300001JL7MNIA1,Created,ContentVersionId=068N3000017Zfl0IAC,
4679851,,Created,a00N300001JL7MOIA1,Created,ContentVersionId=068N3000017Zfl1IAC,
2011826,,Created,a00N300001JL7O1IAL,Created,ContentVersionId=068N3000017Zfl2IAC,
488719,,Created,a00N300001JL7O2IAL,Created,ContentVersionId=068N3000017Zfl3IAC,
5431332,,Created,a00N300001JL7O3IAL,Created,ContentVersionId=068N3000017Zfl4IAC,
8546837,,Created,a00N300001JL7O4IAL,Created,ContentVersionId=068N3000017Zfl5IAC,
8385150,,Created,a00N300001JL7O5IAL,Created,ContentVersionId=068N3000017Zfl6IAC,
3973149,,Created,a00N300001JL7O6IAL,Created,ContentVersionId=068N3000017Zfl7IAC,
4612685,,Created,a00N300001JL7O7IAL,Created,ContentVersionId=068N3000017Zfl8IAC,
8614788,,Created,a00N300001JL7O8IAL,Created,ContentVersionId=068N3000017Zfl9IAC,
7384541,,Created,a00N300001JL7O9IAL,Created,ContentVersionId=068N3000017ZflAIAS,
3364210,,Created,a00N300001JL7OAIA1,Created,ContentVersionId=068N3000017ZflBIAS,
6853670,,Created,a00N300001JL7OBIA1,Created,ContentVersionId=068N3000017ZflCIAS,
2656292,,Created,a00N300001JL7OCIA1,Created,ContentVersionId=068N3000017ZflDIAS,
3246953,,Created,a00N300001JL7ODIA1,Created,ContentVersionId=068N3000017ZflEIAS,
8931404,,Created,a00N300001JL7OEIA1,Created,ContentVersionId=068N3000017ZflFIAS,
3148964,,Created,a00N300001JL7OFIA1,Created,ContentVersionId=068N3000017ZflGIAS,
2939511,,Created,a00N300001JL7OGIA1,Created,ContentVersionId=068N3000017ZflHIAS,
3461360,,Created,a00N300001JL7OHIA1,Created,ContentVersionId=068N3000017ZflIIAS,
4870633,,Created,a00N300001JL7OIIA1,Created,ContentVersionId=068N3000017ZflJIAS,
3821642,,Created,a00N300001JL7OJIA1,Created,ContentVersionId=068N3000017ZflKIAS,
489777,,Created,a00N300001JL7OKIA1,Created,ContentVersionId=068N3000017ZflLIAS,
6172330,,Created,a00N300001JL7OLIA1,Created,ContentVersionId=068N3000017ZflMIAS,
6349289,,Created,a00N300001JL7OMIA1,Created,ContentVersionId=068N3000017ZflNIAS,
9024029,,Created,a00N300001JL7ONIA1,Created,ContentVersionId=068N3000017ZflOIAS,
5785692,,Created,a00N300001JL7OOIA1,Created,ContentVersionId=068N3000017ZflPIAS,
2739685,,Created,a00N300001JL7OPIA1,Created,ContentVersionId=068N3000017ZflQIAS,
6664115,,Created,a00N300001JL7OQIA1,Created,ContentVersionId=068N3000017ZflRIAS,
2694670,,Created,a00N300001JL7ORIA1,Created,ContentVersionId=068N3000017ZflSIAS,
2403332,,Created,a00N300001JL7OSIA1,Created,ContentVersionId=068N3000017ZflTIAS,
560479,,Created,a00N300001JL7OTIA1,Created,ContentVersionId=068N3000017ZflUIAS,
3195693,,Created,a00N300001JL7OUIA1,Created,ContentVersionId=068N3000017ZflVIAS,
2731528,,Created,a00N300001JL7OVIA1,Created,ContentVersionId=068N3000017ZflWIAS,
6177304,,Created,a00N300001JL7OWIA1,Created,ContentVersionId=068N3000017ZflXIAS,
5554819,,Created,a00N300001JL7OXIA1,Created,ContentVersionId=068N3000017ZflYIAS,
581474,,Created,a00N300001JL7OYIA1,Created,ContentVersionId=068N3000017ZflZIAS,
6796344,,Created,a00N300001JL7OZIA1,Created,ContentVersionId=068N3000017ZflaIAC,
5675782,,Created,a00N300001JL7OaIAL,Created,ContentVersionId=068N3000017ZflbIAC,
9023111,,Created,a00N300001JL7ObIAL,Created,ContentVersionId=068N3000017ZflcIAC,
7432908,,Created,a00N300001JL7OcIAL,Created,ContentVersionId=068N3000017ZfldIAC,
4345611,,Created,a00N300001JL7OdIAL,Created,ContentVersionId=068N3000017ZfleIAC,
6213029,,Created,a00N300001JL7OeIAL,Created,ContentVersionId=068N3000017ZflfIAC,
7140661,,Created,a00N300001JL7OfIAL,Created,ContentVersionId=068N3000017ZflgIAC,
610184,,Created,a00N300001JL7OgIAL,Created,ContentVersionId=068N3000017ZflhIAC,
555980,,Created,a00N300001JL7OhIAL,Created,ContentVersionId=068N3000017ZfliIAC,
3875277,,Created,a00N300001JL7OiIAL,Created,ContentVersionId=068N3000017ZfljIAC,
1094978,,Created,a00N300001JL7OjIAL,Created,ContentVersionId=068N3000017ZflkIAC,
4555654,,Created,a00N300001JL7OkIAL,Created,ContentVersionId=068N3000017ZfllIAC,
8154764,,Created,a00N300001JL7OlIAL,Created,ContentVersionId=068N3000017ZflmIAC,
6711008,,Created,a00N300001JL7OmIAL,Created,ContentVersionId=068N3000017ZflnIAC,
6347231,,Created,a00N300001JL7OnIAL,Created,ContentVersionId=068N3000017ZfloIAC,
4236235,,Created,a00N300001JL7OoIAL,Created,ContentVersionId=068N3000017ZflpIAC,
1836489,,Created,a00N300001JL7OpIAL,Created,ContentVersionId=068N3000017ZflqIAC,
8725057,,Created,a00N300001JL7OqIAL,Created,ContentVersionId=068N3000017ZflrIAC,
486303,,Created,a00N300001JL7OrIAL,Created,ContentVersionId=068N3000017ZflsIAC,
1386593,,Created,a00N300001JL7OsIAL,Created,ContentVersionId=068N3000017ZfltIAC,
3591023,,Created,a00N300001JL7OtIAL,Created,ContentVersionId=068N3000017ZfluIAC,
7221501,,Created,a00N300001JL7OuIAL,Created,ContentVersionId=068N3000017ZflvIAC,
1165594,,Created,a00N300001JL7OvIAL,Created,ContentVersionId=068N3000017ZflwIAC,
436236,,Created,a00N300001JL7OwIAL,Created,ContentVersionId=068N3000017ZflxIAC,
5459553,,Created,a00N300001JL7OxIAL,Created,ContentVersionId=068N3000017ZflyIAC,
2905201,,Created,a00N300001JL7OyIAL,Created,ContentVersionId=068N3000017ZflzIAC,
426717,,Created,a00N300001JL7OzIAL,Created,ContentVersionId=068N3000017Zfm0IAC,
9016573,,Created,a00N300001JL7P0IAL,Created,ContentVersionId=068N3000017Zfm1IAC,
3548480,,Created,a00N300001JL7P1IAL,Created,ContentVersionId=068N3000017Zfm2IAC,
9018007,,Created,a00N300001JL7P2IAL,Created,ContentVersionId=068N3000017Zfm3IAC,
7375013,,Created,a00N300001JL7P3IAL,Created,ContentVersionId=068N3000017Zfm4IAC,
6555979,,Created,a00N300001JL7P4IAL,Created,ContentVersionId=068N3000017Zfm5IAC,
1958352,,Created,a00N300001JL7P5IAL,Created,ContentVersionId=068N3000017Zfm6IAC,
5550001,,Created,a00N300001JL7P6IAL,Created,ContentVersionId=068N3000017Zfm7IAC,
500078,,Created,a00N300001JL7P7IAL,Created,ContentVersionId=068N3000017Zfm8IAC,
5252700,,Created,a00N300001JL7P8IAL,Created,ContentVersionId=068N3000017Zfm9IAC,
6622920,,Created,a00N300001JL7P9IAL,Created,ContentVersionId=068N3000017ZfmAIAS,
3322288,,Created,a00N300001JL7PAIA1,Created,ContentVersionId=068N3000017ZfmBIAS,
4769143,,Created,a00N300001JL7PBIA1,Created,ContentVersionId=068N3000017ZfmCIAS,
8374657,,Created,a00N300001JL7PCIA1,Created,ContentVersionId=068N3000017ZfmDIAS,
5584579,,Created,a00N300001JL7PDIA1,Created,ContentVersionId=068N3000017ZfmEIAS,
7131341,,Created,a00N300001JL7PEIA1,Created,ContentVersionId=068N3000017ZfmFIAS,
5106641,,Created,a00N300001JL7PFIA1,Created,ContentVersionId=068N3000017ZfmGIAS,
6774868,,Created,a00N300001JL7PGIA1,Created,ContentVersionId=068N3000017ZfmHIAS,
8620509,,Created,a00N300001JL7PHIA1,Created,ContentVersionId=068N3000017ZfmIIAS,
5283381,,Created,a00N300001JL7PIIA1,Created,ContentVersionId=068N3000017ZfmJIAS,
428798,,Created,a00N300001JL7PJIA1,Created,ContentVersionId=068N3000017ZfmKIAS,
5633407,,Created,a00N300001JL7PKIA1,Created,ContentVersionId=068N3000017ZfmLIAS,
8954957,,Created,a00N300001JL7PLIA1,Created,ContentVersionId=068N3000017ZfmMIAS,
7241384,,Created,a00N300001JL7PMIA1,Created,ContentVersionId=068N3000017ZfmNIAS,
6991475,,Created,a00N300001JL7PNIA1,Created,ContentVersionId=068N3000017ZfmOIAS,
7317551,,Created,a00N300001JL7POIA1,Created,ContentVersionId=068N3000017ZfmPIAS,
4942575,,Created,a00N300001JL7PPIA1,Created,ContentVersionId=068N3000017ZfmQIAS,
5288063,,Created,a00N300001JL7PQIA1,Created,ContentVersionId=068N3000017ZfmRIAS,
2784890,,Created,a00N300001JL7PRIA1,Created,ContentVersionId=068N3000017ZfmSIAS,
5633486,,Created,a00N300001JL7PSIA1,Created,ContentVersionId=068N3000017ZfmTIAS,
5509133,,Created,a00N300001JL7PTIA1,Created,ContentVersionId=068N3000017ZfmUIAS,
5670879,,Created,a00N300001JL7PUIA1,Created,ContentVersionId=068N3000017ZfmVIAS,
8719385,,Created,a00N300001JL7PVIA1,Created,ContentVersionId=068N3000017ZfmWIAS,
6373472,,Created,a00N300001JL7PWIA1,Created,ContentVersionId=068N3000017ZfmXIAS,
492296,,Created,a00N300001JL7PXIA1,Created,ContentVersionId=068N3000017ZfmYIAS,
5985165,,Created,a00N300001JL7PYIA1,Created,ContentVersionId=068N3000017ZfmZIAS,
7385663,,Created,a00N300001JL7PZIA1,Created,ContentVersionId=068N3000017ZfmaIAC,
4080211,,Created,a00N300001JL7PaIAL,Created,ContentVersionId=068N3000017ZfmbIAC,
8218926,,Created,a00N300001JL7N6IAL,Created,ContentVersionId=068N3000017ZfmcIAC,
2816502,,Created,a00N300001JL7N7IAL,Created,ContentVersionId=068N3000017ZfmdIAC,
7405321,,Created,a00N300001JL7N8IAL,Created,ContentVersionId=068N3000017ZfmeIAC,
4682453,,Created,a00N300001JL7N9IAL,Created,ContentVersionId=068N3000017ZfmfIAC,
3994485,,Created,a00N300001JL7NAIA1,Created,ContentVersionId=068N3000017ZfmgIAC,
2733107,,Created,a00N300001JL7NBIA1,Created,ContentVersionId=068N3000017ZfmhIAC,
535951,,Created,a00N300001JL7NCIA1,Created,ContentVersionId=068N3000017ZfmiIAC,
7964176,,Created,a00N300001JL7NDIA1,Created,ContentVersionId=068N3000017ZfmjIAC,
7115055,,Created,a00N300001JL7NEIA1,Created,ContentVersionId=068N3000017ZfmkIAC,
3871459,,Created,a00N300001JL7NFIA1,Created,ContentVersionId=068N3000017ZfmlIAC,
2485083,,Created,a00N300001JL7NGIA1,Created,ContentVersionId=068N3000017ZfmmIAC,
5169294,,Created,a00N300001JL7NHIA1,Created,ContentVersionId=068N3000017ZfmnIAC,
8249408,,Created,a00N300001JL7NIIA1,Created,ContentVersionId=068N3000017ZfmoIAC,
9016577,,Created,a00N300001JL7NJIA1,Created,ContentVersionId=068N3000017ZfmpIAC,
3412046,,Created,a00N300001JL7NKIA1,Created,ContentVersionId=068N3000017ZfmqIAC,
1629087,,Created,a00N300001JL7NLIA1,Created,ContentVersionId=068N3000017ZfmrIAC,
10341,,Created,a00N300001JL7NMIA1,Created,ContentVersionId=068N3000017ZfmsIAC,
5517076,,Created,a00N300001JL7NNIA1,Created,ContentVersionId=068N3000017ZfmtIAC,
5670470,,Created,a00N300001JL7NOIA1,Created,ContentVersionId=068N3000017ZfmuIAC,
4208219,,Created,a00N300001JL7NPIA1,Created,ContentVersionId=068N3000017Zg6HIAS,
6155592,,Created,a00N300001JL7NQIA1,Created,ContentVersionId=068N3000017Zg6IIAS,
6809980,,Created,a00N300001JL7NRIA1,Created,ContentVersionId=068N3000017Zg6JIAS,
1012849,,Created,a00N300001JL7NSIA1,Created,ContentVersionId=068N3000017Zg6KIAS,
8343382,,Created,a00N300001JL7NTIA1,Created,ContentVersionId=068N3000017Zg6LIAS,
8901894,,Created,a00N300001JL7NUIA1,Created,ContentVersionId=068N3000017Zg6MIAS,
7391506,,Created,a00N300001JL7NVIA1,Created,ContentVersionId=068N3000017Zg6NIAS,
9016578,,Created,a00N300001JL7NWIA1,Created,ContentVersionId=068N3000017Zg6OIAS,
3981839,,Created,a00N300001JL7NXIA1,Created,ContentVersionId=068N3000017Zg6PIAS,
6360700,,Created,a00N300001JL7NYIA1,Created,ContentVersionId=068N3000017Zg6QIAS,
7169887,,Created,a00N300001JL7NZIA1,Created,ContentVersionId=068N3000017Zg6RIAS,
8759930,,Created,a00N300001JL7NaIAL,Created,ContentVersionId=068N3000017Zg6SIAS,
8768973,,Created,a00N300001JL7NbIAL,Created,ContentVersionId=068N3000017Zg6TIAS,
7153799,,Created,a00N300001JL7NcIAL,Created,ContentVersionId=068N3000017Zg6UIAS,
8095227,,Created,a00N300001JL7NdIAL,Created,ContentVersionId=068N3000017Zg6VIAS,
5280445,,Created,a00N300001JL7NeIAL,Created,ContentVersionId=068N3000017Zg6WIAS,
5309747,,Created,a00N300001JL7NfIAL,Created,ContentVersionId=068N3000017Zg6XIAS,
2096469,,Created,a00N300001JL7NgIAL,Created,ContentVersionId=068N3000017Zg6YIAS,
8379596,,Created,a00N300001JL7NhIAL,Created,ContentVersionId=068N3000017Zg6ZIAS,
5511727,,Created,a00N300001JL7NiIAL,Created,ContentVersionId=068N3000017Zg6aIAC,
6878280,,Created,a00N300001JL7NjIAL,Created,ContentVersionId=068N3000017Zg6bIAC,
4987127,,Created,a00N300001JL7NkIAL,Created,ContentVersionId=068N3000017Zg6cIAC,
3246939,,Created,a00N300001JL7NlIAL,Created,ContentVersionId=068N3000017Zg6dIAC,
7468657,,Created,a00N300001JL7NmIAL,Created,ContentVersionId=068N3000017Zg6eIAC,
568636,,Created,a00N300001JL7NnIAL,Created,ContentVersionId=068N3000017Zg6fIAC,
4347837,,Created,a00N300001JL7NoIAL,Created,ContentVersionId=068N3000017Zg6gIAC,
6653500,,Created,a00N300001JL7NpIAL,Created,ContentVersionId=068N3000017Zg6hIAC,
5435444,,Created,a00N300001JL7NqIAL,Created,ContentVersionId=068N3000017Zg6iIAC,
5913750,,Created,a00N300001JL7NrIAL,Created,ContentVersionId=068N3000017Zg6jIAC,
7063335,,Created,a00N300001JL7NsIAL,Created,ContentVersionId=068N3000017Zg6kIAC,
7910718,,Created,a00N300001JL7NtIAL,Created,ContentVersionId=068N3000017Zg6lIAC,
5466256,,Created,a00N300001JL7NuIAL,Created,ContentVersionId=068N3000017Zg6mIAC,
4406666,,Created,a00N300001JL7NvIAL,Created,ContentVersionId=068N3000017Zg6nIAC,
7290906,,Created,a00N300001JL7NwIAL,Created,ContentVersionId=068N3000017Zg6oIAC,
5785996,,Created,a00N300001JL7NxIAL,Created,ContentVersionId=068N3000017Zg6pIAC,
9021737,,Created,a00N300001JL7NyIAL,Created,ContentVersionId=068N3000017Zg6qIAC,
5136231,,Created,a00N300001JL7NzIAL,Created,ContentVersionId=068N3000017Zg6rIAC,
4606786,,Created,a00N300001JL7O0IAL,Created,ContentVersionId=068N3000017Zg6sIAC,
5515485,,Created,a00N300001JL7PdIAL,Created,ContentVersionId=068N3000017Zg6tIAC,
430121,,Created,a00N300001JL7PeIAL,Created,ContentVersionId=068N3000017Zg6uIAC,
5785858,,Created,a00N300001JL7PfIAL,Created,ContentVersionId=068N3000017Zg6vIAC,
5597016,,Created,a00N300001JL7PgIAL,Created,ContentVersionId=068N3000017Zg6wIAC,
9016592,,Created,a00N300001JL7PhIAL,Created,ContentVersionId=068N3000017Zg6xIAC,
5335797,,Created,a00N300001JL7PiIAL,Created,ContentVersionId=068N3000017Zg6yIAC,
5515597,,Created,a00N300001JL7PjIAL,Created,ContentVersionId=068N3000017Zg6zIAC,
5787323,,Created,a00N300001JL7PkIAL,Created,ContentVersionId=068N3000017Zg70IAC,
5511662,,Created,a00N300001JL7PlIAL,Created,ContentVersionId=068N3000017Zg71IAC,
9016594,,Created,a00N300001JL7PmIAL,Created,ContentVersionId=068N3000017Zg72IAC,
559951,,Created,a00N300001JL7PnIAL,Created,ContentVersionId=068N3000017Zg73IAC,
3645543,,Created,a00N300001JL7PoIAL,Created,ContentVersionId=068N3000017Zg74IAC,
3978261,,Created,a00N300001JL7PpIAL,Created,ContentVersionId=068N3000017Zg75IAC,
567898,,Created,a00N300001JL7PqIAL,Created,ContentVersionId=068N3000017Zg76IAC,
3218484,,Created,a00N300001JL7PrIAL,Created,ContentVersionId=068N3000017Zg77IAC,
5457226,,Created,a00N300001JL7PsIAL,Created,ContentVersionId=068N3000017Zg78IAC,
3642111,,Created,a00N300001JL7PtIAL,Created,ContentVersionId=068N3000017Zg79IAC,
5282654,,Created,a00N300001JL7PuIAL,Created,ContentVersionId=068N3000017Zg7AIAS,
3867336,,Created,a00N300001JL7PvIAL,Created,ContentVersionId=068N3000017Zg7BIAS,
8265365,,Created,a00N300001JL7PwIAL,Created,ContentVersionId=068N3000017Zg7CIAS,
7020666,,Created,a00N300001JL7PxIAL,Created,ContentVersionId=068N3000017Zg7DIAS,
3824853,,Created,a00N300001JL7PyIAL,Created,ContentVersionId=068N3000017Zg7EIAS,
7799845,,Created,a00N300001JL7PzIAL,Created,ContentVersionId=068N3000017Zg7FIAS,
5590663,,Created,a00N300001JL7Q0IAL,Created,ContentVersionId=068N3000017Zg7GIAS,
6969160,,Created,a00N300001JL7Q1IAL,Created,ContentVersionId=068N3000017Zg7HIAS,
9023588,,Created,a00N300001JL7Q2IAL,Created,ContentVersionId=068N3000017Zg7IIAS,
4022574,,Created,a00N300001JL7Q3IAL,Created,ContentVersionId=068N3000017Zg7JIAS,
6274782,,Created,a00N300001JL7Q4IAL,Created,ContentVersionId=068N3000017Zg7KIAS,
7647828,,Created,a00N300001JL7Q5IAL,Created,ContentVersionId=068N3000017Zg7LIAS,
8048017,,Created,a00N300001JL7Q6IAL,Created,ContentVersionId=068N3000017Zg7MIAS,
7565858,,Created,a00N300001JL7Q7IAL,Created,ContentVersionId=068N3000017Zg7NIAS,
9016589,,Created,a00N300001JL7Q8IAL,Created,ContentVersionId=068N3000017Zg7OIAS,
4179160,,Created,a00N300001JL7Q9IAL,Created,ContentVersionId=068N3000017Zg7PIAS,
6571450,,Created,a00N300001JL7QAIA1,Created,ContentVersionId=068N3000017Zg7QIAS,
3952052,,Created,a00N300001JL7QBIA1,Created,ContentVersionId=068N3000017Zg7RIAS,
7213265,,Created,a00N300001JL7QCIA1,Created,ContentVersionId=068N3000017Zg7SIAS,
4926281,,Created,a00N300001JL7QDIA1,Created,ContentVersionId=068N3000017Zg7TIAS,
5771905,,Created,a00N300001JL7QEIA1,Created,ContentVersionId=068N3000017Zg7UIAS,
4924215,,Created,a00N300001JL7QFIA1,Created,ContentVersionId=068N3000017Zg7VIAS,
7596805,,Created,a00N300001JL7QGIA1,Created,ContentVersionId=068N3000017Zg7WIAS,
9020332,,Created,a00N300001JL7QHIA1,Created,ContentVersionId=068N3000017Zg7XIAS,
3871457,,Created,a00N300001JL7QIIA1,Created,ContentVersionId=068N3000017Zg7YIAS,
3362451,,Created,a00N300001JL7QJIA1,Created,ContentVersionId=068N3000017Zg7ZIAS,
4176325,,Created,a00N300001JL7QKIA1,Created,ContentVersionId=068N3000017Zg7aIAC,
5804992,,Created,a00N300001JL7QLIA1,Created,ContentVersionId=068N3000017Zg7bIAC,
2552836,,Created,a00N300001JL7QMIA1,Created,ContentVersionId=068N3000017Zg7cIAC,
3829767,,Created,a00N300001JL7QNIA1,Created,ContentVersionId=068N3000017Zg7dIAC,
4103019,,Created,a00N300001JL7QOIA1,Created,ContentVersionId=068N3000017Zg7eIAC,
5088049,,Created,a00N300001JL7QPIA1,Created,ContentVersionId=068N3000017Zg7fIAC,
4329553,,Created,a00N300001JL7QQIA1,Created,ContentVersionId=068N3000017Zg7gIAC,
7229833,,Created,a00N300001JL7QRIA1,Created,ContentVersionId=068N3000017Zg7hIAC,
8136905,,Created,a00N300001JL7QSIA1,Created,ContentVersionId=068N3000017Zg7iIAC,
8488315,,Created,a00N300001JL7QTIA1,Created,ContentVersionId=068N3000017Zg7jIAC,
3120219,,Created,a00N300001JL7QUIA1,Created,ContentVersionId=068N3000017Zg7kIAC,
7082999,,Created,a00N300001JL7QVIA1,Created,ContentVersionId=068N3000017Zg7lIAC,
500112,,Created,a00N300001JL7QWIA1,Created,ContentVersionId=068N3000017Zg7mIAC,
7973195,,Created,a00N300001JL7QXIA1,Created,ContentVersionId=068N3000017Zg7nIAC,
4532128,,Created,a00N300001JL7QYIA1,Created,ContentVersionId=068N3000017Zg7oIAC,
5512531,,Created,a00N300001JL7QZIA1,Created,ContentVersionId=068N3000017Zg7pIAC,
612268,,Created,a00N300001JL7QaIAL,Created,ContentVersionId=068N3000017Zg7qIAC,
7690250,,Created,a00N300001JL7QbIAL,Created,ContentVersionId=068N3000017Zg7rIAC,
5786235,,Created,a00N300001JL7QcIAL,Created,ContentVersionId=068N3000017Zg7sIAC,
7167047,,Created,a00N300001JL7QdIAL,Created,ContentVersionId=068N3000017Zg7tIAC,
5785110,,Created,a00N300001JL7QeIAL,Created,ContentVersionId=068N3000017Zg7uIAC,
7387052,,Created,a00N300001JL7QfIAL,Created,ContentVersionId=068N3000017Zg7vIAC,
642456,,Created,a00N300001JL7QgIAL,Created,ContentVersionId=068N3000017Zg7wIAC,
7699175,,Created,a00N300001JL7QhIAL,Created,ContentVersionId=068N3000017Zg7xIAC,
5710137,,Created,a00N300001JL7QiIAL,Created,ContentVersionId=068N3000017Zg7yIAC,
1167388,,Created,a00N300001JL7QjIAL,Created,ContentVersionId=068N3000017Zg7zIAC,
8323434,,Created,a00N300001JL7QkIAL,Created,ContentVersionId=068N3000017Zg80IAC,
2785040,,Created,a00N300001JL7QlIAL,Created,ContentVersionId=068N3000017Zg81IAC,
2910201,,Created,a00N300001JL7QmIAL,Created,ContentVersionId=068N3000017Zg82IAC,
4661437,,Created,a00N300001JL7QnIAL,Created,ContentVersionId=068N3000017Zg83IAC,
5785287,,Created,a00N300001JL7QoIAL,Created,ContentVersionId=068N3000017Zg84IAC,
1730765,,Created,a00N300001JL7QpIAL,Created,ContentVersionId=068N3000017Zg85IAC,
3199979,,Created,a00N300001JL7QqIAL,Created,ContentVersionId=068N3000017Zg86IAC,
506105,,Created,a00N300001JL7QrIAL,Created,ContentVersionId=068N3000017Zg87IAC,
5783885,,Created,a00N300001JL7QsIAL,Created,ContentVersionId=068N3000017Zg88IAC,
7120283,,Created,a00N300001JL7QtIAL,Created,ContentVersionId=068N3000017Zg89IAC,
4128107,,Created,a00N300001JL7QuIAL,Created,ContentVersionId=068N3000017Zg8AIAS,
3026742,,Created,a00N300001JL7QvIAL,Created,ContentVersionId=068N3000017Zg8BIAS,
7091928,,Created,a00N300001JL7QwIAL,Created,ContentVersionId=068N3000017Zg8CIAS,
7861978,,Created,a00N300001JL7QxIAL,Created,ContentVersionId=068N3000017Zg8DIAS,
4953660,,Created,a00N300001JL8iHIAT,Created,ContentVersionId=068N3000017Zg8EIAS,
624758,,Created,a00N300001JL8iIIAT,Created,ContentVersionId=068N3000017Zg8FIAS,
714571,,Created,a00N300001JL8iJIAT,Created,ContentVersionId=068N3000017Zg8GIAS,
3094137,,Created,a00N300001JL8iKIAT,Created,ContentVersionId=068N3000017Zg8HIAS,
5515435,,Created,a00N300001JL8iLIAT,Created,ContentVersionId=068N3000017Zg8IIAS,
5697591,,Created,a00N300001JL8iMIAT,Created,ContentVersionId=068N3000017Zg8JIAS,
7210631,,Created,a00N300001JL8iNIAT,Created,ContentVersionId=068N3000017Zg8KIAS,
5785914,,Created,a00N300001JL8iOIAT,Created,ContentVersionId=068N3000017Zg8LIAS,
7655380,,Created,a00N300001JL8iPIAT,Created,ContentVersionId=068N3000017Zg8MIAS,
6900861,,Created,a00N300001JL8iQIAT,Created,ContentVersionId=068N3000017Zg8NIAS,
9016585,,Created,a00N300001JL8iRIAT,Created,ContentVersionId=068N3000017Zg8OIAS,
3973136,,Created,a00N300001JL8iSIAT,Created,ContentVersionId=068N3000017Zg8PIAS,
4662096,,Created,a00N300001JL8iTIAT,Created,ContentVersionId=068N3000017Zg8QIAS,
5509137,,Created,a00N300001JL8iUIAT,Created,ContentVersionId=068N3000017Zg8RIAS,
8912532,,Created,a00N300001JL8iVIAT,Created,ContentVersionId=068N3000017Zg8SIAS,
6830732,,Created,a00N300001JL8iWIAT,Created,ContentVersionId=068N3000017Zg8TIAS,
4994278,,Created,a00N300001JL8iXIAT,Created,ContentVersionId=068N3000017Zg8UIAS,
4687146,,Created,a00N300001JL8iYIAT,Created,ContentVersionId=068N3000017Zg8VIAS,
8688661,,Created,a00N300001JL8iZIAT,Created,ContentVersionId=068N3000017Zg8WIAS,
5579375,,Created,a00N300001JL8iaIAD,Created,ContentVersionId=068N3000017Zg8XIAS,
4022950,,Created,a00N300001JL8ibIAD,Created,ContentVersionId=068N3000017Zg8YIAS,
9016572,,Created,a00N300001JL8icIAD,Created,ContentVersionId=068N3000017Zg8ZIAS,
3642769,,Created,a00N300001JL8idIAD,Created,ContentVersionId=068N3000017Zg8aIAC,
8576843,,Created,a00N300001JL8ieIAD,Created,ContentVersionId=068N3000017Zg8bIAC,
9016575,,Created,a00N300001JL8ifIAD,Created,ContentVersionId=068N3000017Zg8cIAC,
5290666,,Created,a00N300001JL8igIAD,Created,ContentVersionId=068N3000017Zg8dIAC,
1348064,,Created,a00N300001JL8ihIAD,Created,ContentVersionId=068N3000017Zg8eIAC,
8578521,,Created,a00N300001JL8iiIAD,Created,ContentVersionId=068N3000017Zg8fIAC,
3414131,,Created,a00N300001JL8ijIAD,Created,ContentVersionId=068N3000017Zg8gIAC,
9016580,,Created,a00N300001JL8ikIAD,Created,ContentVersionId=068N3000017Zg8hIAC,
4596261,,Created,a00N300001JL8ilIAD,Created,ContentVersionId=068N3000017Zg8iIAC,
6654508,,Created,a00N300001JL8imIAD,Created,ContentVersionId=068N3000017Zg8jIAC,
2322932,,Created,a00N300001JL8inIAD,Created,ContentVersionId=068N3000017Zg8kIAC,
3107791,,Created,a00N300001JL8ioIAD,Created,ContentVersionId=068N3000017Zg8lIAC,
2259992,,Created,a00N300001JL8ipIAD,Created,ContentVersionId=068N3000017Zg8mIAC,
5785518,,Created,a00N300001JL8iqIAD,Created,ContentVersionId=068N3000017Zg8nIAC,
7891786,,Created,a00N300001JL8irIAD,Created,ContentVersionId=068N3000017Zg8oIAC,
4739661,,Created,a00N300001JL8isIAD,Created,ContentVersionId=068N3000017Zg8pIAC,
3533286,,Created,a00N300001JL8itIAD,Created,ContentVersionId=068N3000017Zg8qIAC,
7902732,,Created,a00N300001JL8iuIAD,Created,ContentVersionId=068N3000017Zg8rIAC,
5515673,,Created,a00N300001JL8ivIAD,Created,ContentVersionId=068N3000017Zg8sIAC,
5305143,,Created,a00N300001JL8iwIAD,Created,ContentVersionId=068N3000017Zg8tIAC,
7832543,,Created,a00N300001JL8ixIAD,Created,ContentVersionId=068N3000017Zg8uIAC,
3583788,,Created,a00N300001JL8iyIAD,Created,ContentVersionId=068N3000017Zg8vIAC,
5316495,,Created,a00N300001JL8izIAD,Created,ContentVersionId=068N3000017Zg8wIAC,
6070027,,Created,a00N300001JL8j0IAD,Created,ContentVersionId=068N3000017Zg8xIAC,
5225739,,Created,a00N300001JL8j1IAD,Created,ContentVersionId=068N3000017Zg8yIAC,
3615502,,Created,a00N300001JL8j2IAD,Created,ContentVersionId=068N3000017Zg8zIAC,
4489011,,Created,a00N300001JL8j3IAD,Created,ContentVersionId=068N3000017Zg90IAC,
6143945,,Created,a00N300001JL8j4IAD,Created,ContentVersionId=068N3000017Zg91IAC,
8747736,,Created,a00N300001JL8j5IAD,Created,ContentVersionId=068N3000017Zg92IAC,
6134504,,Created,a00N300001JL8j6IAD,Created,ContentVersionId=068N3000017Zg93IAC,
7396753,,Created,a00N300001JL8j7IAD,Created,ContentVersionId=068N3000017Zg94IAC,
6136718,,Created,a00N300001JL8j8IAD,Created,ContentVersionId=068N3000017Zg95IAC,
6940067,,Created,a00N300001JL8j9IAD,Created,ContentVersionId=068N3000017Zg96IAC,
5786351,,Created,a00N300001JL8jAIAT,Created,ContentVersionId=068N3000017Zg97IAC,
6061018,,Created,a00N300001JL8jBIAT,Created,ContentVersionId=068N3000017Zg98IAC,
3227830,,Created,a00N300001JL8jCIAT,Created,ContentVersionId=068N3000017Zg99IAC,
6916336,,Created,a00N300001JL8jDIAT,Created,ContentVersionId=068N3000017Zg9AIAS,
2169235,,Created,a00N300001JL8jEIAT,Created,ContentVersionId=068N3000017Zg9BIAS,
581497,,Created,a00N300001JL8jFIAT,Created,ContentVersionId=068N3000017Zg9CIAS,
8320571,,Created,a00N300001JL8jGIAT,Created,ContentVersionId=068N3000017Zg9DIAS,
7802618,,Created,a00N300001JL8jHIAT,Created,ContentVersionId=068N3000017Zg9EIAS,
6732241,,Created,a00N300001JL8jIIAT,Created,ContentVersionId=068N3000017Zg9FIAS,
493219,,Created,a00N300001JL8jJIAT,Created,ContentVersionId=068N3000017Zg9GIAS,
4125197,,Created,a00N300001JL8jKIAT,Created,ContentVersionId=068N3000017Zg9HIAS,
6821590,,Created,a00N300001JL8jLIAT,Created,ContentVersionId=068N3000017Zg9IIAS,
8088698,,Created,a00N300001JL8jMIAT,Created,ContentVersionId=068N3000017Zg9JIAS,
8646489,,Created,a00N300001JL8jNIAT,Created,ContentVersionId=068N3000017Zg9KIAS,
6781983,,Created,a00N300001JL8jOIAT,Created,ContentVersionId=068N3000017Zg9LIAS,
5785685,,Created,a00N300001JL8jPIAT,Created,ContentVersionId=068N3000017Zg9MIAS,
4442729,,Created,a00N300001JL8jQIAT,Created,ContentVersionId=068N3000017Zg9NIAS,
8659240,,Created,a00N300001JL8jRIAT,Created,ContentVersionId=068N3000017Zg9OIAS,
269852,,Created,a00N300001JL8jSIAT,Created,ContentVersionId=068N3000017Zg9PIAS,
3860872,,Created,a00N300001JL8jTIAT,Created,ContentVersionId=068N3000017Zg9QIAS,
7610113,,Created,a00N300001JL8jUIAT,Created,ContentVersionId=068N3000017Zg9RIAS,
7441437,,Created,a00N300001JL8jVIAT,Created,ContentVersionId=068N3000017Zg9SIAS,
7872713,,Created,a00N300001JL8jWIAT,Created,ContentVersionId=068N3000017Zg9TIAS,
5675881,,Created,a00N300001JL8jXIAT,Created,ContentVersionId=068N3000017Zg9UIAS,
4112296,,Created,a00N300001JL8jYIAT,Created,ContentVersionId=068N3000017ZgZJIA0,
5500582,,Created,a00N300001JL8jZIAT,Created,ContentVersionId=068N3000017ZgZKIA0,
3636231,,Created,a00N300001JL8jaIAD,Created,ContentVersionId=068N3000017ZgZLIA0,
5576046,,Created,a00N300001JL8jbIAD,Created,ContentVersionId=068N3000017ZgZMIA0,
1963521,,Created,a00N300001JL8jcIAD,Created,ContentVersionId=068N3000017ZgZNIA0,
3883788,,Created,a00N300001JL8jdIAD,Created,ContentVersionId=068N3000017ZgZOIA0,
3820914,,Created,a00N300001JL8jeIAD,Created,ContentVersionId=068N3000017ZgZPIA0,
2148804,,Created,a00N300001JL8jfIAD,Created,ContentVersionId=068N3000017ZgZQIA0,
5578405,,Created,a00N300001JL8jgIAD,Created,ContentVersionId=068N3000017ZgZRIA0,
6723509,,Created,a00N300001JL8jhIAD,Created,ContentVersionId=068N3000017ZgZSIA0,
5672764,,Created,a00N300001JL8jiIAD,Created,ContentVersionId=068N3000017ZgZTIA0,
5798092,,Created,a00N300001JL8jjIAD,Created,ContentVersionId=068N3000017ZgZUIA0,
6413697,,Created,a00N300001JL8jkIAD,Created,ContentVersionId=068N3000017ZgZVIA0,
6881614,,Created,a00N300001JL8jlIAD,Created,ContentVersionId=068N3000017ZgZWIA0,
5511609,,Created,a00N300001JL8jmIAD,Created,ContentVersionId=068N3000017ZgZXIA0,
8663589,,Created,a00N300001JL8jnIAD,Created,ContentVersionId=068N3000017ZgZYIA0,
5725606,,Created,a00N300001JL8joIAD,Created,ContentVersionId=068N3000017ZgZZIA0,
6893767,,Created,a00N300001JL8jpIAD,Created,ContentVersionId=068N3000017ZgZaIAK,
6784889,,Created,a00N300001JL8jqIAD,Created,ContentVersionId=068N3000017ZgZbIAK,
4097317,,Created,a00N300001JL8jrIAD,Created,ContentVersionId=068N3000017ZgZcIAK,
2682193,,Created,a00N300001JL8jsIAD,Created,ContentVersionId=068N3000017ZgZdIAK,
956933,,Created,a00N300001JL8jtIAD,Created,ContentVersionId=068N3000017ZgZeIAK,
4577477,,Created,a00N300001JL8juIAD,Created,ContentVersionId=068N3000017ZgZfIAK,
4038098,,Created,a00N300001JL8jvIAD,Created,ContentVersionId=068N3000017ZgZgIAK,
7441113,,Created,a00N300001JL8jwIAD,Created,ContentVersionId=068N3000017ZgZhIAK,
5603880,,Created,a00N300001JL8jxIAD,Created,ContentVersionId=068N3000017ZgZiIAK,
5062795,,Created,a00N300001JL8jyIAD,Created,ContentVersionId=068N3000017ZgZjIAK,
7339711,,Created,a00N300001JL8jzIAD,Created,ContentVersionId=068N3000017ZgZkIAK,
2677140,,Created,a00N300001JL8k0IAD,Created,ContentVersionId=068N3000017ZgZlIAK,
5785279,,Created,a00N300001JL8k1IAD,Created,ContentVersionId=068N3000017ZgZmIAK,
1983461,,Created,a00N300001JL8k2IAD,Created,ContentVersionId=068N3000017ZgZnIAK,
3953547,,Created,a00N300001JL8k3IAD,Created,ContentVersionId=068N3000017ZgZoIAK,
2254631,,Created,a00N300001JL8k4IAD,Created,ContentVersionId=068N3000017ZgZpIAK,
1848253,,Created,a00N300001JL8k5IAD,Created,ContentVersionId=068N3000017ZgZqIAK,
3594248,,Created,a00N300001JL8k6IAD,Created,ContentVersionId=068N3000017ZgZrIAK,
1213593,,Created,a00N300001JL8k7IAD,Created,ContentVersionId=068N3000017ZgZsIAK,
4860526,,Created,a00N300001JL8k8IAD,Created,ContentVersionId=068N3000017ZgZtIAK,
3304176,,Created,a00N300001JL8k9IAD,Created,ContentVersionId=068N3000017ZgZuIAK,
4700210,,Created,a00N300001JL8kAIAT,Created,ContentVersionId=068N3000017ZgZvIAK,
5814040,,Created,a00N300001JL8kBIAT,Created,ContentVersionId=068N3000017ZgZwIAK,
5785107,,Created,a00N300001JL8kCIAT,Created,ContentVersionId=068N3000017ZgZxIAK,
1134718,,Created,a00N300001JL8kDIAT,Created,ContentVersionId=068N3000017ZgZyIAK,
8172743,,Created,a00N300001JL8kEIAT,Created,ContentVersionId=068N3000017ZgZzIAK,
7121685,,Created,a00N300001JL8kFIAT,Created,ContentVersionId=068N3000017Zga0IAC,
6043939,,Created,a00N300001JL8kGIAT,Created,ContentVersionId=068N3000017Zga1IAC,
8598060,,Created,a00N300001JL8kHIAT,Created,ContentVersionId=068N3000017Zga2IAC,
6788079,,Created,a00N300001JL8kIIAT,Created,ContentVersionId=068N3000017Zga3IAC,
486083,,Created,a00N300001JL8kJIAT,Created,ContentVersionId=068N3000017Zga4IAC,
5992826,,Created,a00N300001JL8kKIAT,Created,ContentVersionId=068N3000017Zga5IAC,
7458177,,Created,a00N300001JL8kLIAT,Created,ContentVersionId=068N3000017Zga6IAC,
8309214,,Created,a00N300001JL8kMIAT,Created,ContentVersionId=068N3000017Zga7IAC,
6651189,,Created,a00N300001JL8kNIAT,Created,ContentVersionId=068N3000017Zga8IAC,
1554042,,Created,a00N300001JL8kOIAT,Created,ContentVersionId=068N3000017Zga9IAC,
5785246,,Created,a00N300001JL8kPIAT,Created,ContentVersionId=068N3000017ZgaAIAS,
7817568,,Created,a00N300001JL8kQIAT,Created,ContentVersionId=068N3000017ZgaBIAS,
8720571,,Created,a00N300001JL8kRIAT,Created,ContentVersionId=068N3000017ZgaCIAS,
5670113,,Created,a00N300001JL8kSIAT,Created,ContentVersionId=068N3000017ZgaDIAS,
7370025,,Created,a00N300001JL8kTIAT,Created,ContentVersionId=068N3000017ZgaEIAS,
7960034,,Created,a00N300001JL8kUIAT,Created,ContentVersionId=068N3000017ZgaFIAS,
5726177,,Created,a00N300001JL8kVIAT,Created,ContentVersionId=068N3000017ZgaGIAS,
8295065,,Created,a00N300001JL8kWIAT,Created,ContentVersionId=068N3000017ZgaHIAS,
7933111,,Created,a00N300001JL8kXIAT,Created,ContentVersionId=068N3000017ZgaIIAS,
384518,,Created,a00N300001JL8kYIAT,Created,ContentVersionId=068N3000017ZgaJIAS,
7702685,,Created,a00N300001JL8kZIAT,Created,ContentVersionId=068N3000017ZgaKIAS,
5228703,,Created,a00N300001JL8kaIAD,Created,ContentVersionId=068N3000017ZgaLIAS,
6302034,,Created,a00N300001JL8kbIAD,Created,ContentVersionId=068N3000017ZgaMIAS,
7686607,,Created,a00N300001JL8kcIAD,Created,ContentVersionId=068N3000017ZgaNIAS,
7898033,,Created,a00N300001JL8kdIAD,Created,ContentVersionId=068N3000017ZgaOIAS,
2182527,,Created,a00N300001JL8keIAD,Created,ContentVersionId=068N3000017ZgaPIAS,
931102,,Created,a00N300001JL8kfIAD,Created,ContentVersionId=068N3000017ZgaQIAS,
9021807,,Created,a00N300001JL8kgIAD,Created,ContentVersionId=068N3000017ZgaRIAS,
7067367,,Created,a00N300001JL8khIAD,Created,ContentVersionId=068N3000017ZgaSIAS,
3018376,,Created,a00N300001JL8kiIAD,Created,ContentVersionId=068N3000017ZgaTIAS,
5062896,,Created,a00N300001JL8kjIAD,Created,ContentVersionId=068N3000017ZgaUIAS,
5790118,,Created,a00N300001JL8kkIAD,Created,ContentVersionId=068N3000017ZgaVIAS,
1156763,,Created,a00N300001JL8klIAD,Created,ContentVersionId=068N3000017ZgaWIAS,
5873285,,Created,a00N300001JL8kmIAD,Created,ContentVersionId=068N3000017ZgaXIAS,
5198470,,Created,a00N300001JL8knIAD,Created,ContentVersionId=068N3000017ZgaYIAS,
8345504,,Created,a00N300001JL8koIAD,Created,ContentVersionId=068N3000017ZgaZIAS,
3188115,,Created,a00N300001JL8kpIAD,Created,ContentVersionId=068N3000017ZgaaIAC,
7380752,,Created,a00N300001JL8kqIAD,Created,ContentVersionId=068N3000017ZgabIAC,
7212195,,Created,a00N300001JL8krIAD,Created,ContentVersionId=068N3000017ZgacIAC,
4882375,,Created,a00N300001JL8ksIAD,Created,ContentVersionId=068N3000017ZgadIAC,
7580724,,Created,a00N300001JL8ktIAD,Created,ContentVersionId=068N3000017ZgaeIAC,
2567553,,Created,a00N300001JL8kuIAD,Created,ContentVersionId=068N3000017ZgafIAC,
4230981,,Created,a00N300001JL8kvIAD,Created,ContentVersionId=068N3000017ZgagIAC,
569146,,Created,a00N300001JL8kwIAD,Created,ContentVersionId=068N3000017ZgahIAC,
2707922,,Created,a00N300001JL8kxIAD,Created,ContentVersionId=068N3000017ZgaiIAC,
2963478,,Created,a00N300001JL8kyIAD,Created,ContentVersionId=068N3000017ZgajIAC,
5818710,,Created,a00N300001JL8kzIAD,Created,ContentVersionId=068N3000017ZgakIAC,
2005463,,Created,a00N300001JL8l0IAD,Created,ContentVersionId=068N3000017ZgalIAC,
6357007,,Created,a00N300001JL8l1IAD,Created,ContentVersionId=068N3000017ZgamIAC,
8665501,,Created,a00N300001JL8l2IAD,Created,ContentVersionId=068N3000017ZganIAC,
1277884,,Created,a00N300001JL8l3IAD,Created,ContentVersionId=068N3000017ZgaoIAC,
3294486,,Created,a00N300001JL8l4IAD,Created,ContentVersionId=068N3000017ZgapIAC,
8603324,,Created,a00N300001JL8l5IAD,Created,ContentVersionId=068N3000017ZgaqIAC,
7865237,,Created,a00N300001JL8l6IAD,Created,ContentVersionId=068N3000017ZgarIAC,
7858536,,Created,a00N300001JL8l7IAD,Created,ContentVersionId=068N3000017ZgasIAC,
1942688,,Created,a00N300001JL8l8IAD,Created,ContentVersionId=068N3000017ZgatIAC,
1326240,,Created,a00N300001JL8l9IAD,Created,ContentVersionId=068N3000017ZgauIAC,
4412466,,Created,a00N300001JL8lAIAT,Created,ContentVersionId=068N3000017ZgavIAC,
4657697,,Created,a00N300001JL8lBIAT,Created,ContentVersionId=068N3000017ZgawIAC,
8038008,,Created,a00N300001JL8lCIAT,Created,ContentVersionId=068N3000017ZgaxIAC,
9013878,,Created,a00N300001JL8lDIAT,Created,ContentVersionId=068N3000017ZgayIAC,
8121670,,Created,a00N300001JL8lEIAT,Created,ContentVersionId=068N3000017ZgazIAC,
2585342,,Created,a00N300001JL8lFIAT,Created,ContentVersionId=068N3000017Zgb0IAC,
1212062,,Created,a00N300001JL8lGIAT,Created,ContentVersionId=068N3000017Zgb1IAC,
9016590,,Created,a00N300001JL8lHIAT,Created,ContentVersionId=068N3000017Zgb2IAC,
3892231,,Created,a00N300001JL8lIIAT,Created,ContentVersionId=068N3000017Zgb3IAC,
559133,,Created,a00N300001JL8lJIAT,Created,ContentVersionId=068N3000017Zgb4IAC,
7466607,,Created,a00N300001JL8lKIAT,Created,ContentVersionId=068N3000017Zgb5IAC,
5144991,,Created,a00N300001JL8lLIAT,Created,ContentVersionId=068N3000017Zgb6IAC,
6711912,,Created,a00N300001JL8lMIAT,Created,ContentVersionId=068N3000017Zgb7IAC,
4640412,,Created,a00N300001JL8lNIAT,Created,ContentVersionId=068N3000017Zgb8IAC,
2583045,,Created,a00N300001JL8lOIAT,Created,ContentVersionId=068N3000017Zgb9IAC,
3478801,,Created,a00N300001JL8lPIAT,Created,ContentVersionId=068N3000017ZgbAIAS,
3882930,,Created,a00N300001JL8lQIAT,Created,ContentVersionId=068N3000017ZgbBIAS,
3862350,,Created,a00N300001JL8lRIAT,Created,ContentVersionId=068N3000017ZgbCIAS,
5786392,,Created,a00N300001JL8lSIAT,Created,ContentVersionId=068N3000017ZgbDIAS,
9024221,,Created,a00N300001JL8lTIAT,Created,ContentVersionId=068N3000017ZgbEIAS,
4907410,,Created,a00N300001JL8mxIAD,Created,ContentVersionId=068N3000017ZgbFIAS,
8755310,,Created,a00N300001JL8myIAD,Created,ContentVersionId=068N3000017ZgbGIAS,
4946162,,Created,a00N300001JL8mzIAD,Created,ContentVersionId=068N3000017ZgbHIAS,
7269357,,Created,a00N300001JL8n0IAD,Created,ContentVersionId=068N3000017ZgbIIAS,
7809399,,Created,a00N300001JL8n1IAD,Created,ContentVersionId=068N3000017ZgbJIAS,
506317,,Created,a00N300001JL8n2IAD,Created,ContentVersionId=068N3000017ZgbKIAS,
8677311,,Created,a00N300001JL8n3IAD,Created,ContentVersionId=068N3000017ZgbLIAS,
4456131,,Created,a00N300001JL8n4IAD,Created,ContentVersionId=068N3000017ZgbMIAS,
3306902,,Created,a00N300001JL8n5IAD,Created,ContentVersionId=068N3000017ZgbNIAS,
7882501,,Created,a00N300001JL8n6IAD,Created,ContentVersionId=068N3000017ZgbOIAS,
384011,,Created,a00N300001JL8n7IAD,Created,ContentVersionId=068N3000017ZgbPIAS,
9024030,,Created,a00N300001JL8n8IAD,Created,ContentVersionId=068N3000017ZgbQIAS,
8065332,,Created,a00N300001JL8n9IAD,Created,ContentVersionId=068N3000017ZgbRIAS,
3930736,,Created,a00N300001JL8nAIAT,Created,ContentVersionId=068N3000017ZgbSIAS,
8543169,,Created,a00N300001JL8nBIAT,Created,ContentVersionId=068N3000017ZgbTIAS,
7371170,,Created,a00N300001JL8nCIAT,Created,ContentVersionId=068N3000017ZgbUIAS,
5785650,,Created,a00N300001JL8nDIAT,Created,ContentVersionId=068N3000017ZgbVIAS,
5989856,,Created,a00N300001JL8nEIAT,Created,ContentVersionId=068N3000017ZgbWIAS,
6485322,,Created,a00N300001JL8nFIAT,Created,ContentVersionId=068N3000017ZgbXIAS,
1963695,,Created,a00N300001JL8nGIAT,Created,ContentVersionId=068N3000017ZgbYIAS,
5098956,,Created,a00N300001JL8nHIAT,Created,ContentVersionId=068N3000017ZgbZIAS,
7370847,,Created,a00N300001JL8nIIAT,Created,ContentVersionId=068N3000017ZgbaIAC,
5998327,,Created,a00N300001JL8nJIAT,Created,ContentVersionId=068N3000017ZgbbIAC,
7503925,,Created,a00N300001JL8nKIAT,Created,ContentVersionId=068N3000017ZgbcIAC,
7317652,,Created,a00N300001JL8nLIAT,Created,ContentVersionId=068N3000017ZgbdIAC,
3227806,,Created,a00N300001JL8nMIAT,Created,ContentVersionId=068N3000017ZgbeIAC,
8611188,,Created,a00N300001JL8nNIAT,Created,ContentVersionId=068N3000017ZgbfIAC,
1942707,,Created,a00N300001JL8nOIAT,Created,ContentVersionId=068N3000017ZgbgIAC,
2920679,,Created,a00N300001JL8nPIAT,Created,ContentVersionId=068N3000017ZgbhIAC,
6915785,,Created,a00N300001JL8nQIAT,Created,ContentVersionId=068N3000017ZgbiIAC,
6922568,,Created,a00N300001JL8nRIAT,Created,ContentVersionId=068N3000017ZgbjIAC,
7658270,,Created,a00N300001JL8nSIAT,Created,ContentVersionId=068N3000017ZgbkIAC,
3046930,,Created,a00N300001JL8nTIAT,Created,ContentVersionId=068N3000017ZgblIAC,
5660123,,Created,a00N300001JL8nUIAT,Created,ContentVersionId=068N3000017ZgbmIAC,
1234960,,Created,a00N300001JL8nVIAT,Created,ContentVersionId=068N3000017ZgbnIAC,
8047155,,Created,a00N300001JL8nWIAT,Created,ContentVersionId=068N3000017ZgboIAC,
7527057,,Created,a00N300001JL8nXIAT,Created,ContentVersionId=068N3000017ZgbpIAC,
5188755,,Created,a00N300001JL8nYIAT,Created,ContentVersionId=068N3000017ZgbqIAC,
8070478,,Created,a00N300001JL8nZIAT,Created,ContentVersionId=068N3000017ZgbrIAC,
8487548,,Created,a00N300001JL8naIAD,Created,ContentVersionId=068N3000017ZgbsIAC,
5711056,,Created,a00N300001JL8nbIAD,Created,ContentVersionId=068N3000017ZgbtIAC,
5737450,,Created,a00N300001JL8ncIAD,Created,ContentVersionId=068N3000017ZgbuIAC,
4974027,,Created,a00N300001JL8ndIAD,Created,ContentVersionId=068N3000017ZgbvIAC,
98247,,Created,a00N300001JL8neIAD,Created,ContentVersionId=068N3000017ZgbwIAC,
7284024,,Created,a00N300001JL8nfIAD,Created,ContentVersionId=068N3000017ZgbxIAC,
3910155,,Created,a00N300001JL8ngIAD,Created,ContentVersionId=068N3000017ZgbyIAC,
9019759,,Created,a00N300001JL8nhIAD,Created,ContentVersionId=068N3000017ZgbzIAC,
8310671,,Created,a00N300001JL8niIAD,Created,ContentVersionId=068N3000017Zgc0IAC,
6989088,,Created,a00N300001JL8njIAD,Created,ContentVersionId=068N3000017Zgc1IAC,
4987436,,Created,a00N300001JL8nkIAD,Created,ContentVersionId=068N3000017Zgc2IAC,
4410540,,Created,a00N300001JL8nlIAD,Created,ContentVersionId=068N3000017Zgc3IAC,
5236528,,Created,a00N300001JL8nmIAD,Created,ContentVersionId=068N3000017Zgc4IAC,
4007711,,Created,a00N300001JL8nnIAD,Created,ContentVersionId=068N3000017Zgc5IAC,
4489405,,Created,a00N300001JL8noIAD,Created,ContentVersionId=068N3000017Zgc6IAC,
6989962,,Created,a00N300001JL8npIAD,Created,ContentVersionId=068N3000017Zgc7IAC,
9020798,,Created,a00N300001JL8nqIAD,Created,ContentVersionId=068N3000017Zgc8IAC,
4858898,,Created,a00N300001JL8nrIAD,Created,ContentVersionId=068N3000017Zgc9IAC,
4833403,,Created,a00N300001JL8nsIAD,Created,ContentVersionId=068N3000017ZgcAIAS,
7861513,,Created,a00N300001JL8ntIAD,Created,ContentVersionId=068N3000017ZgcBIAS,
3597088,,Created,a00N300001JL8nuIAD,Created,ContentVersionId=068N3000017ZgcCIAS,
7829962,,Created,a00N300001JL8nvIAD,Created,ContentVersionId=068N3000017ZgcDIAS,
3832698,,Created,a00N300001JL8nwIAD,Created,ContentVersionId=068N3000017ZgcEIAS,
576814,,Created,a00N300001JL8nxIAD,Created,ContentVersionId=068N3000017ZgcFIAS,
9022183,,Created,a00N300001JL8nyIAD,Created,ContentVersionId=068N3000017ZgcGIAS,
8273673,,Created,a00N300001JL8nzIAD,Created,ContentVersionId=068N3000017ZgcHIAS,
5168900,,Created,a00N300001JL8o0IAD,Created,ContentVersionId=068N3000017ZgcIIAS,
1954978,,Created,a00N300001JL8o1IAD,Created,ContentVersionId=068N3000017ZgcJIAS,
3567728,,Created,a00N300001JL8o2IAD,Created,ContentVersionId=068N3000017ZgcKIAS,
3560526,,Created,a00N300001JL8o3IAD,Created,ContentVersionId=068N3000017ZgcLIAS,
2735252,,Created,a00N300001JL8o4IAD,Created,ContentVersionId=068N3000017ZgcMIAS,
2520872,,Created,a00N300001JL8o5IAD,Created,ContentVersionId=068N3000017ZgcNIAS,
7630289,,Created,a00N300001JL8o6IAD,Created,ContentVersionId=068N3000017ZgcOIAS,
8069115,,Created,a00N300001JL8o7IAD,Created,ContentVersionId=068N3000017ZgcPIAS,
4178405,,Created,a00N300001JL8o8IAD,Created,ContentVersionId=068N3000017ZgcQIAS,
5785949,,Created,a00N300001JL8o9IAD,Created,ContentVersionId=068N3000017ZgcRIAS,
6172303,,Created,a00N300001JL8oAIAT,Created,ContentVersionId=068N3000017ZgcSIAS,
3648367,,Created,a00N300001JL8oBIAT,Created,ContentVersionId=068N3000017ZgcTIAS,
487812,,Created,a00N300001JL8oCIAT,Created,ContentVersionId=068N3000017ZgcUIAS,
627365,,Created,a00N300001JL8oDIAT,Created,ContentVersionId=068N3000017ZgcVIAS,
7315282,,Created,a00N300001JL8oEIAT,Created,ContentVersionId=068N3000017ZgcWIAS,
4166019,,Created,a00N300001JL8oFIAT,Created,ContentVersionId=068N3000017Zh2LIAS,
2552409,,Created,a00N300001JL8oGIAT,Created,ContentVersionId=068N3000017Zh2MIAS,
1058462,,Created,a00N300001JL8oHIAT,Created,ContentVersionId=068N3000017Zh2NIAS,
6235151,,Created,a00N300001JL8oIIAT,Created,ContentVersionId=068N3000017Zh2OIAS,
4930073,,Created,a00N300001JL8oJIAT,Created,ContentVersionId=068N3000017Zh2PIAS,
3942277,,Created,a00N300001JL8oKIAT,Created,ContentVersionId=068N3000017Zh2QIAS,
5465221,,Created,a00N300001JL8oLIAT,Created,ContentVersionId=068N3000017Zh2RIAS,
5750325,,Created,a00N300001JL8oMIAT,Created,ContentVersionId=068N3000017Zh2SIAS,
7693282,,Created,a00N300001JL8oNIAT,Created,ContentVersionId=068N3000017Zh2TIAS,
9019544,,Created,a00N300001JL8oOIAT,Created,ContentVersionId=068N3000017Zh2UIAS,
4728314,,Created,a00N300001JL8oPIAT,Created,ContentVersionId=068N3000017Zh2VIAS,
8625950,,Created,a00N300001JL8oQIAT,Created,ContentVersionId=068N3000017Zh2WIAS,
7947698,,Created,a00N300001JL8oRIAT,Created,ContentVersionId=068N3000017Zh2XIAS,
6541676,,Created,a00N300001JL8oSIAT,Created,ContentVersionId=068N3000017Zh2YIAS,
5785239,,Created,a00N300001JL8oTIAT,Created,ContentVersionId=068N3000017Zh2ZIAS,
8022497,,Created,a00N300001JL8oUIAT,Created,ContentVersionId=068N3000017Zh2aIAC,
7853053,,Created,a00N300001JL8oVIAT,Created,ContentVersionId=068N3000017Zh2bIAC,
5575204,,Created,a00N300001JL8oWIAT,Created,ContentVersionId=068N3000017Zh2cIAC,
6020779,,Created,a00N300001JL8oXIAT,Created,ContentVersionId=068N3000017Zh2dIAC,
3942275,,Created,a00N300001JL8oYIAT,Created,ContentVersionId=068N3000017Zh2eIAC,
7312867,,Created,a00N300001JL8oZIAT,Created,ContentVersionId=068N3000017Zh2fIAC,
2364633,,Created,a00N300001JL8oaIAD,Created,ContentVersionId=068N3000017Zh2gIAC,
8853900,,Created,a00N300001JL8obIAD,Created,ContentVersionId=068N3000017Zh2hIAC,
7996370,,Created,a00N300001JL8ocIAD,Created,ContentVersionId=068N3000017Zh2iIAC,
6372517,,Created,a00N300001JL8odIAD,Created,ContentVersionId=068N3000017Zh2jIAC,
3871666,,Created,a00N300001JL8oeIAD,Created,ContentVersionId=068N3000017Zh2kIAC,
9014325,,Created,a00N300001JL8ofIAD,Created,ContentVersionId=068N3000017Zh2lIAC,
6839406,,Created,a00N300001JL8ogIAD,Created,ContentVersionId=068N3000017Zh2mIAC,
8713992,,Created,a00N300001JL8ohIAD,Created,ContentVersionId=068N3000017Zh2nIAC,
1241904,,Created,a00N300001JL8oiIAD,Created,ContentVersionId=068N3000017Zh2oIAC,
163558,,Created,a00N300001JL8ojIAD,Created,ContentVersionId=068N3000017Zh2pIAC,
3292709,,Created,a00N300001JL8okIAD,Created,ContentVersionId=068N3000017Zh2qIAC,
6222416,,Created,a00N300001JL8olIAD,Created,ContentVersionId=068N3000017Zh2rIAC,
538763,,Created,a00N300001JL8omIAD,Created,ContentVersionId=068N3000017Zh2sIAC,
7709229,,Created,a00N300001JL8onIAD,Created,ContentVersionId=068N3000017Zh2tIAC,
8347501,,Created,a00N300001JL8ooIAD,Created,ContentVersionId=068N3000017Zh2uIAC,
3135481,,Created,a00N300001JL8opIAD,Created,ContentVersionId=068N3000017Zh2vIAC,
7673116,,Created,a00N300001JL8oqIAD,Created,ContentVersionId=068N3000017Zh2wIAC,
3015167,,Created,a00N300001JL8orIAD,Created,ContentVersionId=068N3000017Zh2xIAC,
819541,,Created,a00N300001JL8osIAD,Created,ContentVersionId=068N3000017Zh2yIAC,
5559307,,Created,a00N300001JL8otIAD,Created,ContentVersionId=068N3000017Zh2zIAC,
7004098,,Created,a00N300001JL8ouIAD,Created,ContentVersionId=068N3000017Zh30IAC,
2403380,,Created,a00N300001JL8ovIAD,Created,ContentVersionId=068N3000017Zh31IAC,
5515421,,Created,a00N300001JL8owIAD,Created,ContentVersionId=068N3000017Zh32IAC,
9024137,,Created,a00N300001JL8oxIAD,Created,ContentVersionId=068N3000017Zh33IAC,
4030635,,Created,a00N300001JL8oyIAD,Created,ContentVersionId=068N3000017Zh34IAC,
6915738,,Created,a00N300001JL8ozIAD,Created,ContentVersionId=068N3000017Zh35IAC,
7481750,,Created,a00N300001JL8p0IAD,Created,ContentVersionId=068N3000017Zh36IAC,
8183378,,Created,a00N300001JL8p1IAD,Created,ContentVersionId=068N3000017Zh37IAC,
5785230,,Created,a00N300001JL8p2IAD,Created,ContentVersionId=068N3000017Zh38IAC,
4364977,,Created,a00N300001JL8p3IAD,Created,ContentVersionId=068N3000017Zh39IAC,
3930318,,Created,a00N300001JL8p4IAD,Created,ContentVersionId=068N3000017Zh3AIAS,
4751950,,Created,a00N300001JL8p5IAD,Created,ContentVersionId=068N3000017Zh3BIAS,
5952773,,Created,a00N300001JL8p6IAD,Created,ContentVersionId=068N3000017Zh3CIAS,
4856320,,Created,a00N300001JL8p7IAD,Created,ContentVersionId=068N3000017Zh3DIAS,
714665,,Created,a00N300001JL8p8IAD,Created,ContentVersionId=068N3000017Zh3EIAS,
7551767,,Created,a00N300001JL8p9IAD,Created,ContentVersionId=068N3000017Zh3FIAS,
5670637,,Created,a00N300001JL8pAIAT,Created,ContentVersionId=068N3000017Zh3GIAS,
6091485,,Created,a00N300001JL8pBIAT,Created,ContentVersionId=068N3000017Zh3HIAS,
2571695,,Created,a00N300001JL8pCIAT,Created,ContentVersionId=068N3000017Zh3IIAS,
3828591,,Created,a00N300001JL8pDIAT,Created,ContentVersionId=068N3000017Zh3JIAS,
1684797,,Created,a00N300001JL8pEIAT,Created,ContentVersionId=068N3000017Zh3KIAS,
9014322,,Created,a00N300001JL8pFIAT,Created,ContentVersionId=068N3000017Zh3LIAS,
7692476,,Created,a00N300001JL8pGIAT,Created,ContentVersionId=068N3000017Zh3MIAS,
8092452,,Created,a00N300001JL8pHIAT,Created,ContentVersionId=068N3000017Zh3NIAS,
7247572,,Created,a00N300001JL8pIIAT,Created,ContentVersionId=068N3000017Zh3OIAS,
5125753,,Created,a00N300001JL8pJIAT,Created,ContentVersionId=068N3000017Zh3PIAS,
5785723,,Created,a00N300001JL8pKIAT,Created,ContentVersionId=068N3000017Zh3QIAS,
3549263,,Created,a00N300001JL8pLIAT,Created,ContentVersionId=068N3000017Zh3RIAS,
4838996,,Created,a00N300001JL8pMIAT,Created,ContentVersionId=068N3000017Zh3SIAS,
6314316,,Created,a00N300001JL8pNIAT,Created,ContentVersionId=068N3000017Zh3TIAS,
996595,,Created,a00N300001JL8pOIAT,Created,ContentVersionId=068N3000017Zh3UIAS,
4276404,,Created,a00N300001JL8pPIAT,Created,ContentVersionId=068N3000017Zh3VIAS,
486125,,Created,a00N300001JL8pQIAT,Created,ContentVersionId=068N3000017Zh3WIAS,
4474653,,Created,a00N300001JL8pRIAT,Created,ContentVersionId=068N3000017Zh3XIAS,
3603973,,Created,a00N300001JL8pSIAT,Created,ContentVersionId=068N3000017Zh3YIAS,
6920041,,Created,a00N300001JL8pTIAT,Created,ContentVersionId=068N3000017Zh3ZIAS,
7102337,,Created,a00N300001JL8pUIAT,Created,ContentVersionId=068N3000017Zh3aIAC,
7299200,,Created,a00N300001JL8pVIAT,Created,ContentVersionId=068N3000017Zh3bIAC,
5650808,,Created,a00N300001JL8pWIAT,Created,ContentVersionId=068N3000017Zh3cIAC,
5501925,,Created,a00N300001JL8pXIAT,Created,ContentVersionId=068N3000017Zh3dIAC,
7814926,,Created,a00N300001JL8pYIAT,Created,ContentVersionId=068N3000017Zh3eIAC,
2515172,,Created,a00N300001JL8pZIAT,Created,ContentVersionId=068N3000017Zh3fIAC,
494046,,Created,a00N300001JL8paIAD,Created,ContentVersionId=068N3000017Zh3gIAC,
506249,,Created,a00N300001JL8pbIAD,Created,ContentVersionId=068N3000017Zh3hIAC,
4615093,,Created,a00N300001JL8pcIAD,Created,ContentVersionId=068N3000017Zh3iIAC,
5188843,,Created,a00N300001JL8pdIAD,Created,ContentVersionId=068N3000017Zh3jIAC,
6158472,,Created,a00N300001JL8peIAD,Created,ContentVersionId=068N3000017Zh3kIAC,
8042516,,Created,a00N300001JL8pfIAD,Created,ContentVersionId=068N3000017Zh3lIAC,
5497257,,Created,a00N300001JL8pgIAD,Created,ContentVersionId=068N3000017Zh3mIAC,
6782221,,Created,a00N300001JL8phIAD,Created,ContentVersionId=068N3000017Zh3nIAC,
4792152,,Created,a00N300001JL8piIAD,Created,ContentVersionId=068N3000017Zh3oIAC,
2984165,,Created,a00N300001JL8pjIAD,Created,ContentVersionId=068N3000017Zh3pIAC,
9018994,,Created,a00N300001JL8pkIAD,Created,ContentVersionId=068N3000017Zh3qIAC,
4464409,,Created,a00N300001JL8plIAD,Created,ContentVersionId=068N3000017Zh3rIAC,
5021160,,Created,a00N300001JL8pmIAD,Created,ContentVersionId=068N3000017Zh3sIAC,
7107582,,Created,a00N300001JL8pnIAD,Created,ContentVersionId=068N3000017Zh3tIAC,
4070438,,Created,a00N300001JL8poIAD,Created,ContentVersionId=068N3000017Zh3uIAC,
5551992,,Created,a00N300001JL8ppIAD,Created,ContentVersionId=068N3000017Zh3vIAC,
491432,,Created,a00N300001JL8pqIAD,Created,ContentVersionId=068N3000017Zh3wIAC,
5929198,,Created,a00N300001JL8prIAD,Created,ContentVersionId=068N3000017Zh3xIAC,
7192988,,Created,a00N300001JL8psIAD,Created,ContentVersionId=068N3000017Zh3yIAC,
4889397,,Created,a00N300001JL8ptIAD,Created,ContentVersionId=068N3000017Zh3zIAC,
4096800,,Created,a00N300001JL8puIAD,Created,ContentVersionId=068N3000017Zh40IAC,
6363844,,Created,a00N300001JL8pvIAD,Created,ContentVersionId=068N3000017Zh41IAC,
4825167,,Created,a00N300001JL8pwIAD,Created,ContentVersionId=068N3000017Zh42IAC,
1084211,,Created,a00N300001JL9Y3IAL,Created,ContentVersionId=068N3000017Zh43IAC,
7070728,,Created,a00N300001JL9Y4IAL,Created,ContentVersionId=068N3000017Zh44IAC,
5083265,,Created,a00N300001JL9Y5IAL,Created,ContentVersionId=068N3000017Zh45IAC,
5083936,,Created,a00N300001JL9Y6IAL,Created,ContentVersionId=068N3000017Zh46IAC,
1800983,,Created,a00N300001JL9Y7IAL,Created,ContentVersionId=068N3000017Zh47IAC,
3030097,,Created,a00N300001JL9Y8IAL,Created,ContentVersionId=068N3000017Zh48IAC,
3922716,,Created,a00N300001JL9Y9IAL,Created,ContentVersionId=068N3000017Zh49IAC,
3817733,,Created,a00N300001JL9YAIA1,Created,ContentVersionId=068N3000017Zh4AIAS,
5985079,,Created,a00N300001JL9YBIA1,Created,ContentVersionId=068N3000017Zh4BIAS,
7981742,,Created,a00N300001JL9YCIA1,Created,ContentVersionId=068N3000017Zh4CIAS,
7444556,,Created,a00N300001JL9YDIA1,Created,ContentVersionId=068N3000017Zh4DIAS,
7746797,,Created,a00N300001JL9YEIA1,Created,ContentVersionId=068N3000017Zh4EIAS,
928098,,Created,a00N300001JL9YFIA1,Created,ContentVersionId=068N3000017Zh4FIAS,
6064651,,Created,a00N300001JL9YGIA1,Created,ContentVersionId=068N3000017Zh4GIAS,
4869191,,Created,a00N300001JL9YHIA1,Created,ContentVersionId=068N3000017Zh4HIAS,
8135349,,Created,a00N300001JL9YIIA1,Created,ContentVersionId=068N3000017Zh4IIAS,
7192948,,Created,a00N300001JL9YJIA1,Created,ContentVersionId=068N3000017Zh4JIAS,
8177702,,Created,a00N300001JL9YKIA1,Created,ContentVersionId=068N3000017Zh4KIAS,
5604191,,Created,a00N300001JL9YLIA1,Created,ContentVersionId=068N3000017Zh4LIAS,
1314029,,Created,a00N300001JL9YMIA1,Created,ContentVersionId=068N3000017Zh4MIAS,
492753,,Created,a00N300001JL9YNIA1,Created,ContentVersionId=068N3000017Zh4NIAS,
6201351,,Created,a00N300001JL9YOIA1,Created,ContentVersionId=068N3000017Zh4OIAS,
6861094,,Created,a00N300001JL9YPIA1,Created,ContentVersionId=068N3000017Zh4PIAS,
707846,,Created,a00N300001JL9YQIA1,Created,ContentVersionId=068N3000017Zh4QIAS,
6903976,,Created,a00N300001JL9YRIA1,Created,ContentVersionId=068N3000017Zh4RIAS,
2579535,,Created,a00N300001JL9YSIA1,Created,ContentVersionId=068N3000017Zh4SIAS,
1041400,,Created,a00N300001JL9YTIA1,Created,ContentVersionId=068N3000017Zh4TIAS,
1233232,,Created,a00N300001JL9YUIA1,Created,ContentVersionId=068N3000017Zh4UIAS,
7383147,,Created,a00N300001JL9YVIA1,Created,ContentVersionId=068N3000017Zh4VIAS,
5279963,,Created,a00N300001JL9YWIA1,Created,ContentVersionId=068N3000017Zh4WIAS,
5603866,,Created,a00N300001JL9YXIA1,Created,ContentVersionId=068N3000017Zh4XIAS,
5310176,,Created,a00N300001JL9YYIA1,Created,ContentVersionId=068N3000017Zh4YIAS,
5786108,,Created,a00N300001JL9YZIA1,Created,ContentVersionId=068N3000017Zh4ZIAS,
8776496,,Created,a00N300001JL9YaIAL,Created,ContentVersionId=068N3000017Zh4aIAC,
5785688,,Created,a00N300001JL9YbIAL,Created,ContentVersionId=068N3000017Zh4bIAC,
8795886,,Created,a00N300001JL9YcIAL,Created,ContentVersionId=068N3000017Zh4cIAC,
5786102,,Created,a00N300001JL9YdIAL,Created,ContentVersionId=068N3000017Zh4dIAC,
1253502,,Created,a00N300001JL9YeIAL,Created,ContentVersionId=068N3000017Zh4eIAC,
558670,,Created,a00N300001JL9YfIAL,Created,ContentVersionId=068N3000017Zh4fIAC,
8097353,,Created,a00N300001JL9YgIAL,Created,ContentVersionId=068N3000017Zh4gIAC,
7619258,,Created,a00N300001JL9YhIAL,Created,ContentVersionId=068N3000017Zh4hIAC,
2552819,,Created,a00N300001JL9YiIAL,Created,ContentVersionId=068N3000017Zh4iIAC,
4335099,,Created,a00N300001JL9YjIAL,Created,ContentVersionId=068N3000017Zh4jIAC,
8347497,,Created,a00N300001JL9YkIAL,Created,ContentVersionId=068N3000017Zh4kIAC,
3972975,,Created,a00N300001JL9YlIAL,Created,ContentVersionId=068N3000017Zh4lIAC,
3094149,,Created,a00N300001JL9YmIAL,Created,ContentVersionId=068N3000017Zh4mIAC,
6136744,,Created,a00N300001JL9YnIAL,Created,ContentVersionId=068N3000017Zh4nIAC,
4731615,,Created,a00N300001JL9YoIAL,Created,ContentVersionId=068N3000017Zh4oIAC,
3828583,,Created,a00N300001JL9YpIAL,Created,ContentVersionId=068N3000017Zh4pIAC,
3279983,,Created,a00N300001JL9YqIAL,Created,ContentVersionId=068N3000017Zh4qIAC,
5509120,,Created,a00N300001JL9YrIAL,Created,ContentVersionId=068N3000017Zh4rIAC,
2182553,,Created,a00N300001JL9YsIAL,Created,ContentVersionId=068N3000017Zh4sIAC,
5478665,,Created,a00N300001JL9YtIAL,Created,ContentVersionId=068N3000017Zh4tIAC,
7129075,,Created,a00N300001JL9YuIAL,Created,ContentVersionId=068N3000017Zh4uIAC,
5786562,,Created,a00N300001JL9YvIAL,Created,ContentVersionId=068N3000017Zh4vIAC,
7152693,,Created,a00N300001JL9YwIAL,Created,ContentVersionId=068N3000017Zh4wIAC,
4478595,,Created,a00N300001JL9YxIAL,Created,ContentVersionId=068N3000017Zh4xIAC,
2399023,,Created,a00N300001JL9YyIAL,Created,ContentVersionId=068N3000017Zh4yIAC,
6127895,,Created,a00N300001JL9YzIAL,Created,ContentVersionId=068N3000017Zh4zIAC,
2680410,,Created,a00N300001JL9Z0IAL,Created,ContentVersionId=068N3000017Zh50IAC,
6270310,,Created,a00N300001JL9Z1IAL,Created,ContentVersionId=068N3000017Zh51IAC,
7024258,,Created,a00N300001JL9Z2IAL,Created,ContentVersionId=068N3000017Zh52IAC,
6715848,,Created,a00N300001JL9Z3IAL,Created,ContentVersionId=068N3000017Zh53IAC,
2919795,,Created,a00N300001JL9Z4IAL,Created,ContentVersionId=068N3000017Zh54IAC,
7372032,,Created,a00N300001JL9Z5IAL,Created,ContentVersionId=068N3000017Zh55IAC,
5685476,,Created,a00N300001JL9Z6IAL,Created,ContentVersionId=068N3000017Zh56IAC,
5685920,,Created,a00N300001JL9Z7IAL,Created,ContentVersionId=068N3000017Zh57IAC,
5651869,,Created,a00N300001JL9Z8IAL,Created,ContentVersionId=068N3000017Zh58IAC,
581494,,Created,a00N300001JL9Z9IAL,Created,ContentVersionId=068N3000017Zh59IAC,
8508315,,Created,a00N300001JL9ZAIA1,Created,ContentVersionId=068N3000017Zh5AIAS,
9016598,,Created,a00N300001JL9ZBIA1,Created,ContentVersionId=068N3000017Zh5BIAS,
6802627,,Created,a00N300001JL9ZCIA1,Created,ContentVersionId=068N3000017Zh5CIAS,
7890932,,Created,a00N300001JL9ZDIA1,Created,ContentVersionId=068N3000017Zh5DIAS,
4445324,,Created,a00N300001JL9ZEIA1,Created,ContentVersionId=068N3000017Zh5EIAS,
5385391,,Created,a00N300001JL9ZFIA1,Created,ContentVersionId=068N3000017Zh5FIAS,
8624901,,Created,a00N300001JL9ZGIA1,Created,ContentVersionId=068N3000017Zh5GIAS,
3979879,,Created,a00N300001JL9ZHIA1,Created,ContentVersionId=068N3000017Zh5HIAS,
4771727,,Created,a00N300001JL9ZIIA1,Created,ContentVersionId=068N3000017Zh5IIAS,
3859019,,Created,a00N300001JL9ZJIA1,Created,ContentVersionId=068N3000017Zh5JIAS,
5670814,,Created,a00N300001JL9ZKIA1,Created,ContentVersionId=068N3000017Zh5KIAS,
72018,,Created,a00N300001JL9ZLIA1,Created,ContentVersionId=068N3000017Zh5LIAS,
5785641,,Created,a00N300001JL9ZMIA1,Created,ContentVersionId=068N3000017Zh5MIAS,
3615177,,Created,a00N300001JL9ZNIA1,Created,ContentVersionId=068N3000017Zh5NIAS,
2852333,,Created,a00N300001JL9ZOIA1,Created,ContentVersionId=068N3000017Zh5OIAS,
5786190,,Created,a00N300001JL9ZPIA1,Created,ContentVersionId=068N3000017Zh5PIAS,
766522,,Created,a00N300001JL9ZQIA1,Created,ContentVersionId=068N3000017Zh5QIAS,
4969692,,Created,a00N300001JL9ZRIA1,Created,ContentVersionId=068N3000017Zh5RIAS,
8358929,,Created,a00N300001JL9ZSIA1,Created,ContentVersionId=068N3000017Zh5SIAS,
7851068,,Created,a00N300001JL9ZTIA1,Created,ContentVersionId=068N3000017Zh5TIAS,
547062,,Created,a00N300001JL9ZUIA1,Created,ContentVersionId=068N3000017Zh5UIAS,
7948143,,Created,a00N300001JL9ZVIA1,Created,ContentVersionId=068N3000017Zh5VIAS,
9016574,,Created,a00N300001JL9ZWIA1,Created,ContentVersionId=068N3000017Zh5WIAS,
6082433,,Created,a00N300001JL9ZXIA1,Created,ContentVersionId=068N3000017Zh5XIAS,
1297437,,Created,a00N300001JL9ZYIA1,Created,ContentVersionId=068N3000017Zh5YIAS,
8500259,,Created,a00N300001JL9ZZIA1,Created,ContentVersionId=068N3000017ZhTlIAK,
1863741,,Created,a00N300001JL9ZaIAL,Created,ContentVersionId=068N3000017ZhTmIAK,
558694,,Created,a00N300001JL9ZbIAL,Created,ContentVersionId=068N3000017ZhTnIAK,
4616652,,Created,a00N300001JL9ZcIAL,Created,ContentVersionId=068N3000017ZhToIAK,
4830403,,Created,a00N300001JL9ZdIAL,Created,ContentVersionId=068N3000017ZhTpIAK,
5786401,,Created,a00N300001JL9ZeIAL,Created,ContentVersionId=068N3000017ZhTqIAK,
7511956,,Created,a00N300001JL9ZfIAL,Created,ContentVersionId=068N3000017ZhTrIAK,
4255447,,Created,a00N300001JL9ZgIAL,Created,ContentVersionId=068N3000017ZhTsIAK,
4598438,,Created,a00N300001JL9ZhIAL,Created,ContentVersionId=068N3000017ZhTtIAK,
3130529,,Created,a00N300001JL9ZiIAL,Created,ContentVersionId=068N3000017ZhTuIAK,
8691735,,Created,a00N300001JL9ZjIAL,Created,ContentVersionId=068N3000017ZhTvIAK,
5610601,,Created,a00N300001JL9ZkIAL,Created,ContentVersionId=068N3000017ZhTwIAK,
7779083,,Created,a00N300001JL9ZlIAL,Created,ContentVersionId=068N3000017ZhTxIAK,
7212915,,Created,a00N300001JL9ZmIAL,Created,ContentVersionId=068N3000017ZhTyIAK,
7480692,,Created,a00N300001JL9ZnIAL,Created,ContentVersionId=068N3000017ZhTzIAK,
5655910,,Created,a00N300001JL9ZoIAL,Created,ContentVersionId=068N3000017ZhU0IAK,
719429,,Created,a00N300001JL9ZpIAL,Created,ContentVersionId=068N3000017ZhU1IAK,
4212178,,Created,a00N300001JL9ZqIAL,Created,ContentVersionId=068N3000017ZhU2IAK,
2778256,,Created,a00N300001JL9ZrIAL,Created,ContentVersionId=068N3000017ZhU3IAK,
5785523,,Created,a00N300001JL9ZsIAL,Created,ContentVersionId=068N3000017ZhU4IAK,
8581953,,Created,a00N300001JL9ZtIAL,Created,ContentVersionId=068N3000017ZhU5IAK,
581529,,Created,a00N300001JL9ZuIAL,Created,ContentVersionId=068N3000017ZhU6IAK,
5110981,,Created,a00N300001JL9ZvIAL,Created,ContentVersionId=068N3000017ZhU7IAK,
9021230,,Created,a00N300001JL9ZwIAL,Created,ContentVersionId=068N3000017ZhU8IAK,
1737618,,Created,a00N300001JL9ZxIAL,Created,ContentVersionId=068N3000017ZhU9IAK,
2182542,,Created,a00N300001JL9ZyIAL,Created,ContentVersionId=068N3000017ZhUAIA0,
3306910,,Created,a00N300001JL9ZzIAL,Created,ContentVersionId=068N3000017ZhUBIA0,
616731,,Created,a00N300001JL9a0IAD,Created,ContentVersionId=068N3000017ZhUCIA0,
5262116,,Created,a00N300001JL9a1IAD,Created,ContentVersionId=068N3000017ZhUDIA0,
4830247,,Created,a00N300001JL9a2IAD,Created,ContentVersionId=068N3000017ZhUEIA0,
4414799,,Created,a00N300001JL9a3IAD,Created,ContentVersionId=068N3000017ZhUFIA0,
4907347,,Created,a00N300001JL9a4IAD,Created,ContentVersionId=068N3000017ZhUGIA0,
6538535,,Created,a00N300001JL9a5IAD,Created,ContentVersionId=068N3000017ZhUHIA0,
7223267,,Created,a00N300001JL9a6IAD,Created,ContentVersionId=068N3000017ZhUIIA0,
5512686,,Created,a00N300001JL9a7IAD,Created,ContentVersionId=068N3000017ZhUJIA0,
4939836,,Created,a00N300001JL9a8IAD,Created,ContentVersionId=068N3000017ZhUKIA0,
6792783,,Created,a00N300001JL9a9IAD,Created,ContentVersionId=068N3000017ZhULIA0,
5785684,,Created,a00N300001JL9aAIAT,Created,ContentVersionId=068N3000017ZhUMIA0,
7503956,,Created,a00N300001JL9aBIAT,Created,ContentVersionId=068N3000017ZhUNIA0,
4847179,,Created,a00N300001JL9aCIAT,Created,ContentVersionId=068N3000017ZhUOIA0,
7262359,,Created,a00N300001JL9aDIAT,Created,ContentVersionId=068N3000017ZhUPIA0,
8512815,,Created,a00N300001JL9aEIAT,Created,ContentVersionId=068N3000017ZhUQIA0,
4495558,,Created,a00N300001JL9aFIAT,Created,ContentVersionId=068N3000017ZhURIA0,
7622182,,Created,a00N300001JL9aGIAT,Created,ContentVersionId=068N3000017ZhUSIA0,
5362989,,Created,a00N300001JL9aHIAT,Created,ContentVersionId=068N3000017ZhUTIA0,
1343037,,Created,a00N300001JL9aIIAT,Created,ContentVersionId=068N3000017ZhUUIA0,
5188770,,Created,a00N300001JL9aJIAT,Created,ContentVersionId=068N3000017ZhUVIA0,
5511787,,Created,a00N300001JL9aKIAT,Created,ContentVersionId=068N3000017ZhUWIA0,
3350072,,Created,a00N300001JL9aLIAT,Created,ContentVersionId=068N3000017ZhUXIA0,
9014474,,Created,a00N300001JL9aMIAT,Created,ContentVersionId=068N3000017ZhUYIA0,
9016595,,Created,a00N300001JL9aNIAT,Created,ContentVersionId=068N3000017ZhUZIA0,
9022182,,Created,a00N300001JL9aOIAT,Created,ContentVersionId=068N3000017ZhUaIAK,
8263129,,Created,a00N300001JL9aPIAT,Created,ContentVersionId=068N3000017ZhUbIAK,
4991468,,Created,a00N300001JL9aQIAT,Created,ContentVersionId=068N3000017ZhUcIAK,
5653755,,Created,a00N300001JL9aRIAT,Created,ContentVersionId=068N3000017ZhUdIAK,
4972652,,Created,a00N300001JL9aSIAT,Created,ContentVersionId=068N3000017ZhUeIAK,
5081673,,Created,a00N300001JL9aTIAT,Created,ContentVersionId=068N3000017ZhUfIAK,
7507606,,Created,a00N300001JL9aUIAT,Created,ContentVersionId=068N3000017ZhUgIAK,
4632118,,Created,a00N300001JL9aVIAT,Created,ContentVersionId=068N3000017ZhUhIAK,
7265649,,Created,a00N300001JL9aWIAT,Created,ContentVersionId=068N3000017ZhUiIAK,
9024138,,Created,a00N300001JL9aXIAT,Created,ContentVersionId=068N3000017ZhUjIAK,
4769359,,Created,a00N300001JL9aYIAT,Created,ContentVersionId=068N3000017ZhUkIAK,
7148273,,Created,a00N300001JL9aZIAT,Created,ContentVersionId=068N3000017ZhUlIAK,
9016584,,Created,a00N300001JL9aaIAD,Created,ContentVersionId=068N3000017ZhUmIAK,
4694262,,Created,a00N300001JL9abIAD,Created,ContentVersionId=068N3000017ZhUnIAK,
6028881,,Created,a00N300001JL9acIAD,Created,ContentVersionId=068N3000017ZhUoIAK,
5539654,,Created,a00N300001JL9adIAD,Created,ContentVersionId=068N3000017ZhUpIAK,
2153973,,Created,a00N300001JL9aeIAD,Created,ContentVersionId=068N3000017ZhUqIAK,
5282249,,Created,a00N300001JL9afIAD,Created,ContentVersionId=068N3000017ZhUrIAK,
538443,,Created,a00N300001JL9agIAD,Created,ContentVersionId=068N3000017ZhUsIAK,
7217419,,Created,a00N300001JL9ahIAD,Created,ContentVersionId=068N3000017ZhUtIAK,
7652442,,Created,a00N300001JL9aiIAD,Created,ContentVersionId=068N3000017ZhUuIAK,
5458355,,Created,a00N300001JL9ajIAD,Created,ContentVersionId=068N3000017ZhUvIAK,
2905182,,Created,a00N300001JL9akIAD,Created,ContentVersionId=068N3000017ZhUwIAK,
8559063,,Created,a00N300001JL9alIAD,Created,ContentVersionId=068N3000017ZhUxIAK,
5785299,,Created,a00N300001JL9amIAD,Created,ContentVersionId=068N3000017ZhUyIAK,
2168109,,Created,a00N300001JL9anIAD,Created,ContentVersionId=068N3000017ZhUzIAK,
7728833,,Created,a00N300001JL9aoIAD,Created,ContentVersionId=068N3000017ZhV0IAK,
8105342,,Created,a00N300001JL9apIAD,Created,ContentVersionId=068N3000017ZhV1IAK,
5785224,,Created,a00N300001JL9aqIAD,Created,ContentVersionId=068N3000017ZhV2IAK,
7536563,,Created,a00N300001JL9arIAD,Created,ContentVersionId=068N3000017ZhV3IAK,
3418825,,Created,a00N300001JL9asIAD,Created,ContentVersionId=068N3000017ZhV4IAK,
3008549,,Created,a00N300001JL9atIAD,Created,ContentVersionId=068N3000017ZhV5IAK,
5222095,,Created,a00N300001JL9auIAD,Created,ContentVersionId=068N3000017ZhV6IAK,
4960150,,Created,a00N300001JL9avIAD,Created,ContentVersionId=068N3000017ZhV7IAK,
5511776,,Created,a00N300001JL9awIAD,Created,ContentVersionId=068N3000017ZhV8IAK,
4649571,,Created,a00N300001JL9axIAD,Created,ContentVersionId=068N3000017ZhV9IAK,
8142816,,Created,a00N300001JL9ayIAD,Created,ContentVersionId=068N3000017ZhVAIA0,
8663280,,Created,a00N300001JL9azIAD,Created,ContentVersionId=068N3000017ZhVBIA0,
506282,,Created,a00N300001JL9b0IAD,Created,ContentVersionId=068N3000017ZhVCIA0,
5287644,,Created,a00N300001JL9b1IAD,Created,ContentVersionId=068N3000017ZhVDIA0,
2520763,,Created,a00N300001JL9b2IAD,Created,ContentVersionId=068N3000017ZhVEIA0,
2229325,,Created,a00N300001JL9b3IAD,Created,ContentVersionId=068N3000017ZhVFIA0,
3962771,,Created,a00N300001JL9b4IAD,Created,ContentVersionId=068N3000017ZhVGIA0,
7350641,,Created,a00N300001JL9b5IAD,Created,ContentVersionId=068N3000017ZhVHIA0,
506057,,Created,a00N300001JL9b6IAD,Created,ContentVersionId=068N3000017ZhVIIA0,
3120224,,Created,a00N300001JL9b7IAD,Created,ContentVersionId=068N3000017ZhVJIA0,
3631884,,Created,a00N300001JL9b8IAD,Created,ContentVersionId=068N3000017ZhVKIA0,
9024141,,Created,a00N300001JL9b9IAD,Created,ContentVersionId=068N3000017ZhVLIA0,
7857425,,Created,a00N300001JL9bAIAT,Created,ContentVersionId=068N3000017ZhVMIA0,
7784645,,Created,a00N300001JL9bBIAT,Created,ContentVersionId=068N3000017ZhVNIA0,
2561304,,Created,a00N300001JL9bCIAT,Created,ContentVersionId=068N3000017ZhVOIA0,
1568286,,Created,a00N300001JL9bDIAT,Created,ContentVersionId=068N3000017ZhVPIA0,
8309837,,Created,a00N300001JL9bEIAT,Created,ContentVersionId=068N3000017ZhVQIA0,
2822301,,Created,a00N300001JKycSIAT,Created,ContentVersionId=068N3000017ZhVRIA0,
489149,,Created,a00N300001JL9cjIAD,Created,ContentVersionId=068N3000017ZhVSIA0,
5512659,,Created,a00N300001JL9ckIAD,Created,ContentVersionId=068N3000017ZhVTIA0,
5105085,,Created,a00N300001JL9clIAD,Created,ContentVersionId=068N3000017ZhVUIA0,
9016597,,Created,a00N300001JL9cmIAD,Created,ContentVersionId=068N3000017ZhVVIA0,
4984616,,Created,a00N300001JL9cnIAD,Created,ContentVersionId=068N3000017ZhVWIA0,
6384731,,Created,a00N300001JL9coIAD,Created,ContentVersionId=068N3000017ZhVXIA0,
2652490,,Created,a00N300001JL9cpIAD,Created,ContentVersionId=068N3000017ZhVYIA0,
3999998,,Created,a00N300001JL9cqIAD,Created,ContentVersionId=068N3000017ZhVZIA0,
34996,,Created,a00N300001JL9crIAD,Created,ContentVersionId=068N3000017ZhVaIAK,
9013339,,Created,a00N300001JL9csIAD,Created,ContentVersionId=068N3000017ZhVbIAK,
8559224,,Created,a00N300001JL9ctIAD,Created,ContentVersionId=068N3000017ZhVcIAK,
5785733,,Created,a00N300001JL9cuIAD,Created,ContentVersionId=068N3000017ZhVdIAK,
5297925,,Created,a00N300001JL9cvIAD,Created,ContentVersionId=068N3000017ZhVeIAK,
7887679,,Created,a00N300001JL9cwIAD,Created,ContentVersionId=068N3000017ZhVfIAK,
7713169,,Created,a00N300001JL9cxIAD,Created,ContentVersionId=068N3000017ZhVgIAK,
5784942,,Created,a00N300001JL9cyIAD,Created,ContentVersionId=068N3000017ZhVhIAK,
4204892,,Created,a00N300001JL9czIAD,Created,ContentVersionId=068N3000017ZhViIAK,
114302,,Created,a00N300001JL9d0IAD,Created,ContentVersionId=068N3000017ZhVjIAK,
5306325,,Created,a00N300001JL9d1IAD,Created,ContentVersionId=068N3000017ZhVkIAK,
8654264,,Created,a00N300001JL9d2IAD,Created,ContentVersionId=068N3000017ZhVlIAK,
2751855,,Created,a00N300001JL9d3IAD,Created,ContentVersionId=068N3000017ZhVmIAK,
487965,,Created,a00N300001JL9d4IAD,Created,ContentVersionId=068N3000017ZhVnIAK,
2702908,,Created,a00N300001JL9d5IAD,Created,ContentVersionId=068N3000017ZhVoIAK,
7868973,,Created,a00N300001JL9d6IAD,Created,ContentVersionId=068N3000017ZhVpIAK,
7978482,,Created,a00N300001JL9d7IAD,Created,ContentVersionId=068N3000017ZhVqIAK,
7248818,,Created,a00N300001JL9d8IAD,Created,ContentVersionId=068N3000017ZhVrIAK,
4462453,,Created,a00N300001JL9d9IAD,Created,ContentVersionId=068N3000017ZhVsIAK,
6927503,,Created,a00N300001JL9dAIAT,Created,ContentVersionId=068N3000017ZhVtIAK,
4989812,,Created,a00N300001JL9dBIAT,Created,ContentVersionId=068N3000017ZhVuIAK,
3897373,,Created,a00N300001JL9dCIAT,Created,ContentVersionId=068N3000017ZhVvIAK,
3110188,,Created,a00N300001JL9dDIAT,Created,ContentVersionId=068N3000017ZhVwIAK,
4646519,,Created,a00N300001JL9dEIAT,Created,ContentVersionId=068N3000017ZhVxIAK,
6704509,,Created,a00N300001JL9dFIAT,Created,ContentVersionId=068N3000017ZhVyIAK,
8111680,,Created,a00N300001JL9dGIAT,Created,ContentVersionId=068N3000017ZhVzIAK,
487138,,Created,a00N300001JL9dHIAT,Created,ContentVersionId=068N3000017ZhW0IAK,
6065661,,Created,a00N300001JL9dIIAT,Created,ContentVersionId=068N3000017ZhW1IAK,
7213773,,Created,a00N300001JL9dJIAT,Created,ContentVersionId=068N3000017ZhW2IAK,
3642118,,Created,a00N300001JL9dKIAT,Created,ContentVersionId=068N3000017ZhW3IAK,
4091117,,Created,a00N300001JL9dLIAT,Created,ContentVersionId=068N3000017ZhW4IAK,
5627862,,Created,a00N300001JL9dMIAT,Created,ContentVersionId=068N3000017ZhW5IAK,
7048954,,Created,a00N300001JL9dNIAT,Created,ContentVersionId=068N3000017ZhW6IAK,
6501074,,Created,a00N300001JL9dOIAT,Created,ContentVersionId=068N3000017ZhW7IAK,
8358763,,Created,a00N300001JL9dPIAT,Created,ContentVersionId=068N3000017ZhW8IAK,
8109367,,Created,a00N300001JL9dQIAT,Created,ContentVersionId=068N3000017ZhW9IAK,
1011556,,Created,a00N300001JL9dRIAT,Created,ContentVersionId=068N3000017ZhWAIA0,
8602594,,Created,a00N300001JL9dSIAT,Created,ContentVersionId=068N3000017ZhWBIA0,
5515489,,Created,a00N300001JL9dTIAT,Created,ContentVersionId=068N3000017ZhWCIA0,
3976781,,Created,a00N300001JL9dUIAT,Created,ContentVersionId=068N3000017ZhWDIA0,
4650892,,Created,a00N300001JL9dVIAT,Created,ContentVersionId=068N3000017ZhWEIA0,
4131412,,Created,a00N300001JL9dWIAT,Created,ContentVersionId=068N3000017ZhWFIA0,
8531491,,Created,a00N300001JL9dXIAT,Created,ContentVersionId=068N3000017ZhWGIA0,
4021459,,Created,a00N300001JL9dYIAT,Created,ContentVersionId=068N3000017ZhWHIA0,
3214270,,Created,a00N300001JL9dZIAT,Created,ContentVersionId=068N3000017ZhWIIA0,
7394403,,Created,a00N300001JL9daIAD,Created,ContentVersionId=068N3000017ZhWJIA0,
9023036,,Created,a00N300001JL9dbIAD,Created,ContentVersionId=068N3000017ZhWKIA0,
6056276,,Created,a00N300001JL9dcIAD,Created,ContentVersionId=068N3000017ZhWLIA0,
3882958,,Created,a00N300001JL9ddIAD,Created,ContentVersionId=068N3000017ZhWMIA0,
4007691,,Created,a00N300001JL9deIAD,Created,ContentVersionId=068N3000017ZhWNIA0,
8644909,,Created,a00N300001JL9dfIAD,Created,ContentVersionId=068N3000017ZhWOIA0,
7448401,,Created,a00N300001JL9dgIAD,Created,ContentVersionId=068N3000017ZhWPIA0,
3170347,,Created,a00N300001JL9dhIAD,Created,ContentVersionId=068N3000017ZhWQIA0,
5456829,,Created,a00N300001JL9diIAD,Created,ContentVersionId=068N3000017ZhWRIA0,
7638981,,Created,a00N300001JL9djIAD,Created,ContentVersionId=068N3000017ZhWSIA0,
6620208,,Created,a00N300001JL9dkIAD,Created,ContentVersionId=068N3000017ZhWTIA0,
1134018,,Created,a00N300001JL9dlIAD,Created,ContentVersionId=068N3000017ZhWUIA0,
2003062,,Created,a00N300001JL9dmIAD,Created,ContentVersionId=068N3000017ZhWVIA0,
8569424,,Created,a00N300001JL9dnIAD,Created,ContentVersionId=068N3000017ZhWWIA0,
6073390,,Created,a00N300001JL9doIAD,Created,ContentVersionId=068N3000017ZhWXIA0,
7433537,,Created,a00N300001JL9dpIAD,Created,ContentVersionId=068N3000017ZhWYIA0,
6217071,,Created,a00N300001JL9dqIAD,Created,ContentVersionId=068N3000017ZhWZIA0,
3851537,,Created,a00N300001JL9drIAD,Created,ContentVersionId=068N3000017ZhWaIAK,
4612697,,Created,a00N300001JL9dsIAD,Created,ContentVersionId=068N3000017ZhWbIAK,
4796042,,Created,a00N300001JL9dtIAD,Created,ContentVersionId=068N3000017ZhWcIAK,
8611651,,Created,a00N300001JL9duIAD,Created,ContentVersionId=068N3000017ZhWdIAK,
3317874,,Created,a00N300001JL9dvIAD,Created,ContentVersionId=068N3000017ZhWeIAK,
3329632,,Created,a00N300001JL9dwIAD,Created,ContentVersionId=068N3000017ZhWfIAK,
7224981,,Created,a00N300001JL9dxIAD,Created,ContentVersionId=068N3000017ZhWgIAK,
1963537,,Created,a00N300001JL9dyIAD,Created,ContentVersionId=068N3000017ZhWhIAK,
3866045,,Created,a00N300001JL9dzIAD,Created,ContentVersionId=068N3000017ZhWiIAK,
3238562,,Created,a00N300001JL9e0IAD,Created,ContentVersionId=068N3000017ZhWjIAK,
4728000,,Created,a00N300001JL9e1IAD,Created,ContentVersionId=068N3000017ZhWkIAK,
6653149,,Created,a00N300001JL9e2IAD,Created,ContentVersionId=068N3000017ZhWlIAK,
7999988,,Created,a00N300001JL9e3IAD,Created,ContentVersionId=068N3000017ZhWmIAK,
3648157,,Created,a00N300001JL9e4IAD,Created,ContentVersionId=068N3000017ZhWnIAK,
506387,,Created,a00N300001JL9e5IAD,Created,ContentVersionId=068N3000017ZhWoIAK,
7944650,,Created,a00N300001JL9e6IAD,Created,ContentVersionId=068N3000017ZhWpIAK,
9016586,,Created,a00N300001JL9e7IAD,Created,ContentVersionId=068N3000017ZhWqIAK,
567913,,Created,a00N300001JL9e8IAD,Created,ContentVersionId=068N3000017ZhWrIAK,
6031737,,Created,a00N300001JL9e9IAD,Created,ContentVersionId=068N3000017ZhWsIAK,
7242965,,Created,a00N300001JL9eAIAT,Created,ContentVersionId=068N3000017ZhWtIAK,
5515519,,Created,a00N300001JL9eBIAT,Created,ContentVersionId=068N3000017ZhWuIAK,
5784925,,Created,a00N300001JL9eCIAT,Created,ContentVersionId=068N3000017ZhWvIAK,
6344116,,Created,a00N300001JL9eDIAT,Created,ContentVersionId=068N3000017ZhWwIAK,
6674906,,Created,a00N300001JL9eEIAT,Created,ContentVersionId=068N3000017ZhWxIAK,
